Date,Ticker,Headline,News_Score,Impact_Score,Category,Source,URL
2026-02-09 14:36:52,AOS,"Alps Advisors Inc. Purchases 45,299 Shares of A. O. Smith Corporation $AOS - Defense World",0.5,0.3,Investment Firm Activity,RSS,https://news.google.com/rss/articles/CBMitAFBVV95cUxOa1ptVGdoN1RoSGtpTE9qREJ4MWYxd0VJbFJCaDJ4VDdsLXpHaFZ3b3V3YWh4TW9ETUFpODJPMGxoUmJoRnYtLW1zVkJlLXNHWmU1RVFkTDMxc1BxYzdLZUxGbFhsQm1mVXdmeTBZbENlNTA5OHlneVhIU1VzT0ZfQkloTjBSdHVjLW5YN1FnOXlNdTlqSFFvdHo4akhWNUxYel9yM2UtTmtYLWNhOEUwQnp3Ymw?oc=5
2026-02-09 14:36:50,APO,Apollo (APO) Sees Strong Q4 Revenue Surge - GuruFocus,1.0,0.8,Earnings,RSS,https://news.google.com/rss/articles/CBMihAFBVV95cUxPbHMwdDVyb1JncFJXTUQyVzlyT3BEYVI1YjVyekhmUllVajlaOUxMUTRVS0FIWXhQeU5PYTBVa0w0VmhONDNja3FRbV9QQXczMGRIWlRZQ3h3bG40T1NERzVidjExa09wT2VrS3g0WFktcG9UcjVLRkRzWlF3OTF4NmR4Wk8?oc=5
2026-02-09 14:36:50,APO,Apollo Global Q4 earnings beat on accelerating origination activity (APO:NYSE) - Seeking Alpha,1.0,0.9,Earnings,RSS,https://news.google.com/rss/articles/CBMiqAFBVV95cUxPUFBZU1Q4emZOYTVPTDdiS0xISEF0cF9KNF9BaVNzUjdHYm5xR3RrRlRhc2RPRWJlZzlFWDJuUWJFdWpRZXZqUi1FdFNMcFlST0R0MVdvR3h4TDZyTW1lLTZXREZtOWZhbWEzcDRGNDZvTXZkUFcxaXZSRFA3R0dDV19seEtpU19kOTdTc3hUUElYUWRYQVhhcnNMVXgwaUZfRmFGWjNLTkM?oc=5
2026-02-09 14:36:50,APO,Apollo Global Management (APO) Surpasses Q3 Earnings Expectations - GuruFocus,1.0,0.9,Earnings,RSS,https://news.google.com/rss/articles/CBMipAFBVV95cUxPXzFrNHRKc25RQ0p2VXY3aEpySm1aVldZMXlKSWhwUHZTcXk4VnZrektkMkhHYWp4MXFMSEhuaXhuNlVTejNORDB5ajRwZlBQeEZISmwwVG15Y3AySXZETmJhVWxva3ltQ1J6ci01YVdFTDFHTWpIdmU5NUlwTllhNURKbUVqd0xiWmRadWFfWUd6X0xpbzAtZGQxb3o2aDlyelhOWA?oc=5
2026-02-09 14:36:50,APO,"Apollo Global Management (APO) Reports Strong Q4 Earnings, Beats Expectations - GuruFocus",1.0,0.9,Earnings,RSS,https://news.google.com/rss/articles/CBMiswFBVV95cUxPVC0wb1dCSEk1N0x0VGxEVUJkZnNjWGhTZ1hwSXVpVjc4ekFZNWZyYU1hanZlWWRjVzFXMnhLa0taX2o1T2hqQkItNmR3VGxDWC1HQlNhUHZMd1IyYlVGM3h5bjVtMHJ5Mko0MDdTT0tBU0llSXJrelV3NDhVanI1ZXFFMGEycTM0N1ZTWnJBVEYwRjNicjdoZEg3Q2NTM3dKVHJpcmVMWXlrWTRKN2c0ZU9Eaw?oc=5
2026-02-09 14:36:50,APO,Earnings Flash (APO) Apollo Global Management Posts Q4 Total Revenue $9.86B - marketscreener.com,0.0,0.6,Earnings,RSS,https://news.google.com/rss/articles/CBMiwwFBVV95cUxNVGVVR3dWdGRIWUpUUGxmNjIycF9oQmZOS1RIaDhwb0tfY1BGVEpPd2F5aHFLcFM2LTRsaGZIWVZxMGkyaHd4ZVBLd1l3Zlhicm5KMjMzR1dXTURkOE1KVnlSQU5DVzdPUVJaLWk2N3VUeDFDZ2NOZnkwc2VDRUJCM0t2Mm4wdW1TZ3lObGdNZzBoZi1QV1NINVBmZUJaQm5qbkxjS0ZsWFZJQWFJX0lYaXBPVWlka2JHNXd1bHc4TV8xZE0?oc=5
2026-02-09 14:36:49,ABT,Abbott (ABT) Stock: Fresh Clinical Data Pushes Shares Higher - parameter.io,1.0,0.9,Company Specific,RSS,https://news.google.com/rss/articles/CBMickFVX3lxTE5EckR6QTZNaVBrd0FZb0U1LVNNODV1bG4zQjFnS0RUZ2lSZG81TEtONFpIOW1uUktXYlAydGdMbDJCTVprSVJfaFoweHhibm85Y2x6S21Jd2dyZDgxemRqZEZsVXBpbW10andjSmJRa0wyZw?oc=5
2026-02-09 14:36:49,ABT,Financial Contrast: Glucose Health (OTCMKTS:GLUC) vs. Abbott Laboratories (NYSE:ABT) - Defense World,0.0,0.2,Financial Analysis / Comparison,RSS,https://news.google.com/rss/articles/CBMivgFBVV95cUxPNjgyM082a2xvMVl5UllUMzliWkNEYk0teWdOeVRBMUk5RGhWcGVZdFVCNzVUeTBWYm1SdnF5ZF8xWUlaSWljemVvNVVuOTF3M25jYnVxQUhvRmY2V3ZKLVh2MGJ5OGc0dEhBUmJaQ19BbWZKMUJXZ1lDS3JjekZQSWM1cmNCa3h2X2NPYU03YWdBY3pia3dpdThVREJIVGVnNjlJNWFraTZtZGo3ODNMOWpzbldKaTlFRWhMT3Zn?oc=5
2026-02-09 14:36:49,ABT,"Oppenheimer Asset Management Inc. Sells 59,293 Shares of Abbott Laboratories $ABT - Defense World",-0.5,0.4,Fund Activity / Institutional Investment,RSS,https://news.google.com/rss/articles/CBMiwAFBVV95cUxOTzg4bnF0bHpEVHU3T1JJZkZUMFcxYWJLV2lRRk1VQWZVU092OXc5ZVVBUjczeHlZY3FLLWY0d3NRUWxxTzZjTGlFR0hNWVRkUDBKbnNMOF80ajVKREVNR055R2VCRWhRN2dSU3BBbGN6RVFjSG8xS3JvMjVwWXd4b21xYW51S2lvYy11Z2xkdmoxSWFmYnhtYzJjalZSam5za0ZENDEtZ1JMZU5yRnYtaVRVTHpyem5GTzVqZlhqbjY?oc=5
2026-02-09 14:36:49,ABT,Candriam S.C.A. Boosts Position in Abbott Laboratories $ABT - Defense World,0.6,0.5,Fund Activity / Institutional Investment,RSS,https://news.google.com/rss/articles/CBMipAFBVV95cUxOUEM1N25RTjBRalFNV3dsUTRoSkliU2lZNEl0b1FYQkVhdzZFVjNRV3lDOXEyWWM4U2tnTUk2MEVnQW8zbkM5M2kwX3RkRHZYNDV6TlRqdnptUzRzSTFyUkd4UzJuR2w4U3dNMHI3R2ZvZ3UwUTUxa3hRTUNYZWZpTjl0V1phUllwQ1BrNXlKbkRIZ3BuZDR1SWZnbkhWSENCM09jMA?oc=5
2026-02-09 14:36:49,ABT,"The Weeks | Feb. 8: Izaak Walton pond report, Homewood TOD redevelopment, Valentine events, Flossmoor development projects, Lunar New Year, ABT rally, call for art - HF Chronicle",0.7,0.5,Market Movement,RSS,https://news.google.com/rss/articles/CBMioAJBVV95cUxPSk1Zd0RfdFVlMUt0bFJQUW45X0RjNE5tcFBBWnlsbG8tbVF1UzFFc2VmTVB0cnREaWVxNXRQUklfTF90UDFQVURDR0lIa1ZsdDRQaTMtSlMzRlJUaEFBVG1Rbjh2MHlXMkFBWVlnblQ5SXpzVE5NUGEyaUxydUs3MHZYQUpRTDV3TkZ1UWZ0Skl3cWNMSVhYRnF6S01Ba2FidUkxRGM0elJVLVZIQmtzV3pWNUdVV1NfbGc4Z0tRQnhHVjlfc29HbFlXejJ3VTlqR2t1MEk4UGhfYjZUUWxUU2xvaGJReFZfSlpMZUdxSkREX1NyODdjSEFYaGlyc2NiY2U2SFZYcVhwM2xMZnhVVXBIdHNxcWdPbVBaZlY5c0I?oc=5
2026-02-09 14:36:48,T,AT&T launches amiGO Jr Phone for children up to 12 years - Telecompaper,0.5,0.4,Product Launch,RSS,https://news.google.com/rss/articles/CBMinwFBVV95cUxOTzgyMkFSbzlYUjBLVkg2c3lqVTByUFQzZEhud1NHRTJmZzNUZzJFQ3VVNnhYTW9YWDZHOXBhU0tBRVl6Nk5jUnlLTlQ2U2JDdzhRQlhKUGJnTExVXzN4eXd2czhtNWY3c1pDb2hhQmpMNzhpZkk1bko5S1g0TGkzZzFWTUZaUnY2Tks1ZWI0M2JhVS1vMEZEc0pfRjZlR1E?oc=5
2026-02-09 14:36:48,T,The AT&T data breach settlement deadline is almost here. How to file a claim in the $177 million case. - AOL.com,-0.8,0.7,Legal / Data Breach,RSS,https://news.google.com/rss/articles/CBMigwFBVV95cUxOZFZadk8yMGI2dERFSkQ1MVp4UWhlbzA0aXhKLWZ6azNwWGJIRWNjTmdMRUsyNHNFNmg4WlFKTFltNUY0UWhhLTRtNFZ4UFgzRmtyQ1V1bWFOZTYyN2lZTnBvd205ZVQxb3Zib1lDNllRM3VlODRoN1pxTzdQeXBZZHZZcw?oc=5
2026-02-09 14:36:48,T,AT&T Launches Kid-Focused Smartphone With Parent Controls - Pulse 2.0,0.5,0.4,Product Launch,RSS,https://news.google.com/rss/articles/CBMiggFBVV95cUxNV08xOGJjS1BsRmg0NDItTk9MdzRPZnh2Tkh1ZHRNSWhHeFdrckozV3hNbEN6dlJiaXdtSGEyZkRPaGE3NU9xb0ktRWZlYldFekYyX25ubU9ySGZVTUNaWmpVLXNPM2Nyc0gxNUJiZXBfVGpMN2lWNm5vN3N6dFZEamdR0gGHAUFVX3lxTE5RNTVwb29sTWFnTmJ5cFk4ZUczZzNUR1B6RjIzQTEyN2Zxd1VwcGlReWNqR21IcmtScWdXcjZ6ZmV1VDNfYnhqVV9zcktoX3hpM2FRQktPZGJYUUlqalNleVEyenJBc1ZHNFVOaklvNjNQajVBSVg4VlNoTDk4eVNJZlJBSjVxWQ?oc=5
2026-02-09 14:36:48,T,AT&T launches a smartphone for kids that's really for parents - AOL.com,0.5,0.4,Product Launch,RSS,https://news.google.com/rss/articles/CBMifEFVX3lxTE5DcDUyMWVQcnlBVF9YenVZaHZibEVwWnVoUXdjQlcwU3BkX25pbFFhbWlpd3JMc1V6bldKQVRZTGtVcE9mTjF4YXZNRFI0Vi1wcFp4NlB4UkNoTHBmMlpRVWY3dHJXeDEyT3VEcWMtUGNtb2FiY29vaVVaMm8?oc=5
2026-02-09 14:36:48,T,"AT&T Launches Amigo Jr., Safe, Kid-Friendly Smartphone Parents Have Been Waiting For - Tech Times",0.6,0.4,Product Launch,RSS,https://news.google.com/rss/articles/CBMiyAFBVV95cUxNSGM0Nm9JX0VuLXJYQjY5Y0lRVGczWFk4VFk0d29uMVNSOUZjeUYyLUZoYWkyVjV2azhxMFE3eFlXWmN2a1lCNnZTYkFydkgyejdzV3UtaDNwSl9rb2wwd19Dd3dLdURDQzAzb2hyNHF4VERwN3d0bkVxcnBSaHZkdDd4RE5WQ0F2bm9jVEFfWEY3QjVOZllCT3U3aXpNNlc2OUtKdGd3S0FndDRUMlJpdXlwclR6dl9rZzZRUzhDTDBKZlNnNVZEYw?oc=5
2026-02-09 14:36:48,AMCR,"Amcor: Defensive, High-Yield Dividend Aristocrat Still Trading Below Fair Value (AMCR) - Seeking Alpha",0.8,0.6,Analyst Rating / Investment Recommendation,RSS,https://news.google.com/rss/articles/CBMivAFBVV95cUxNT2l0TDJIbDdzQlg5N0lBMjExWjB3M3RjS2w2bVQ3Z053d2hHUFB4c256b3hVV0EteW1xVm5oU0dvT055VGdscjQ4RkRVd1lvb21oNHc2aXdQVG5YOFVhTFlObmw0dFRRZVBGbE1SaV9paTR1SFlOWUs5czJDQ1BWaXJybkVEcjlGYlA4eFo3RkxkMkRQbFNiV3FkcmgtMnNSN3U5bE8xY2xjcGthQ1pOREkwUk4yM0tlY21WOQ?oc=5
2026-02-09 14:36:46,AFL,ProShare Advisors LLC Raises Stock Holdings in Aflac Incorporated $AFL - MarketBeat,0.7,0.7,Shareholder Activity,RSS,https://news.google.com/rss/articles/CBMiygFBVV95cUxOclV5Qm5vMk5nZmgySVpsWEVRNDE1bWd4b0NoM2R3WkVUdGRVZTRLd2l2dUhBVUNUVXR4SzhjNmpfYXh3bHFCSnNTeXVScHQzd3VtSG9pVG9OTTNUaWZiaTlqcTVWUWE1eHh3Q0pyeWVOUUZ1ZUFmR1BsQUtmWVEtM3VnZVBLUW1YNVU3alJsVExyV2R0dGl3WmtGbGhVVS1RNXpIN1A0STNHa1p2ck5vWFRoTFZIWTNVVV94VzZwU2NfZWV6eWptMThn?oc=5
2026-02-09 14:36:42,AAPL,Daiwa Elevates Apple (AAPL.US) TP to US$310 as Quarterly Results Far Beat Forecasts - AASTOCKS.com,0.9,0.85,Analyst Rating,RSS,https://news.google.com/rss/articles/CBMiiwFBVV95cUxORlpEY2t4TkZ2ckNvRUJOOHhHck84VDVvRDE4TzlnOC1aUVUybzEydWM3WThodENMU2FKSXFDZnVuN1hfMHlnZndpYXhlVWN0LW1SUVhsZkRyYThsQk9pa1dKLWV4TEJyZ2I2bWxVMjI1Zzg1VnVyVDhCZExDUS1tM1pvZlcyZmtCaVdN?oc=5
2026-02-09 14:36:42,AAPL,"Apple (AAPL) Sees Surge in China Revenue Thanks to iPhone's New ""Cosmic Orange"" Color - GuruFocus",0.9,0.85,Sales Performance,RSS,https://news.google.com/rss/articles/CBMiuwFBVV95cUxNaHRjRS1OTC1lUFRHTHdwZE40UmtkMERuSGlYeHBVZGNaZm9Eb25fUkpvREtDeGNiSFU4TEVMNmkya053QUMtei0tVlQ3cHRlSkVnaDhIeGlxWmpCNHdXTnFuRXpNWEIySlF0VUw1alkycUlvdmRsbW5oamU1cHpVanV6aGF4N213R0hIUFpnbnM1aVJHNnZZWnduVzRvOFdHS0xyb3NqRnJfMnAzelNZd1VMZjljeTFUYjRv?oc=5
2026-02-09 14:36:42,AAPL,Apple (AAPL) Surpasses Expectations with Strong Earnings and Rev - GuruFocus,0.95,0.95,Earnings Report,RSS,https://news.google.com/rss/articles/CBMisgFBVV95cUxQekN5TUVBdzhUaFNTd2UydFhhX0M2aEVXME9IYTRqSlR2dzFRQ1lKQTNpVk93djBhaVZ3MVN2NlNiUXN2RTBRZHZGaHAwcVdkM2RWc19oZTJKOGZBc3lVTzlUQ0VVc3pnYi1DXzh2NEd1V2pRU01XczM4WDVsdExJV1BKQWFnSjE2TU1KcmxwSTRFb3hYZDA0Y0hWUHZCeFl5OGJ2WDYxeFFvMUxiMG1BRDlR?oc=5
2026-02-09 14:36:42,AAPL,Apple (AAPL) to Launch iPhone 17e with MagSafe and Updated iOS - GuruFocus,0.8,0.85,Product Launch,RSS,https://news.google.com/rss/articles/CBMioAFBVV95cUxNSjJHLVBsQW16VTN3RGRQY18zX2xRZThtWDNlVkc5cUVJRlFSS2g4NUpHRVU5U3p6UXVGVVh1RkJkSF9XLUZhSkt4azF0Z1FUOVdLMFZOMVlfWWJKd0JMT255RFIxcHVIV1E5aGlfSk1GMDFmaDA2LVZMM3RJWXhqZGdTN2EtUERRZkpCa2lUVmVMbnJqaXNNY3VhSXdMZ055?oc=5
2026-02-09 14:36:42,AAPL,"Apple (AAPL) Reports Strong Earnings, Raises Revenue Forecast - GuruFocus",0.95,0.95,Earnings Report,RSS,https://news.google.com/rss/articles/CBMingFBVV95cUxNZHFieXJLb09OQjY2cm5MU2s4YjZGdjBvdm1RclMxX3BLUTVOT21OTFNSM0g1RG5sckpDNDV1bXpPN0RicFdIT3pGbndsZUtDTjd5MjFtNzdUS24zUlptMk5sOW55amVVUGl1QnEyWHZIanI5ZXJQS0tsa1FBZDJTT2xqOThWbzBkSG1VN2FPYVhFWlJLLUZvamFYYndvUQ?oc=5
2026-02-09 14:36:41,AMD,AMD stock plummets despite Q4 earnings beat [Video] - AOL.com,-0.7,0.9,Earnings/Stock Performance,RSS,https://news.google.com/rss/articles/CBMiekFVX3lxTE9ub0pyNDQwUWxsV1dhZWVqUDVodDJmN0NiclVqcmpaUEZmNzZ1SndJM2JkbG1WMGNyUlczZ0plTmc5dDI0aTU1SU8wOWQwcHh3bVl3cC0xbUVmZ1Y3T0lmUjVaZ254Nzc5Q3dadmZfUHFlSy15Y2RqOFVn?oc=5
2026-02-09 14:36:41,AMD,"AMD CEO Lisa Su Defends Forecast Amid 17% Stock Drop, Highlights Accelerating AI Demand and Helios Launch - Qoo10.co.id",-0.2,0.8,Executive Comment/Stock Performance,RSS,https://news.google.com/rss/articles/CBMi5gFBVV95cUxPdzRsWWxzUDUzUFRXSWZsZ0FpcV9idWtITkNmajhvZ1Foc1ZIWHltX2RTdjdSREF6WFIwVVFxTG03bjNDenYzQUg4ZUFCd1haSXhydzI2WHh0c1lackhsZWNoeHNaSE1sbmwwVGxUdWoxV3NxZl9EUGVHb3FUM2pXaDFsTi1uanNJVy1FR1ZNbWhOaUlHY3V0UXVKa0tKaWVFRmc0Q1JyWjk1OHFJMWZTb1RmOVVoaUl6MWVvbktTdEtRRlREVXlLMkx1VG82R2RTN3pZTDBvaW95WFZLcEJXbFViTFVMd9IB7gFBVV95cUxNNm1JZ1hINXp5RkdXTTV2TTJBY3oxbVBZakxmZElZa1FDYURvUkk2MzhSY0stVGo2S2xlTS0xUHhQQ0NVNVhRWFoyQ3U5ZjNGUW5vRjU1SVNVS3dqNVBCcjVKRjRqQUNwTzFxWWlXaGZ3WWlIbVQ0Sk5iamRUZzJuSERtRzVvZlVmdFdBMWlpSldrU056RGJudjljeWJVcWJJcHhZQ0xROGV0UHI3czd4NTVoblVGLUFvMUppc1hxUTFIOExDenVkYlBNUEdBN0VwMW9DeXc2QW5TaDE4ZElhVDBKcDg0NnJUckttY1FB?oc=5
2026-02-09 14:36:41,AMD,"AMD CEO Lisa Su Defends Company’s Forecast Amid 17% Share Plummet, Citing Strong AI Demand - SSBCrack News",-0.2,0.8,Executive Comment/Stock Performance,RSS,https://news.google.com/rss/articles/CBMitAFBVV95cUxQdENIUzNybHZzSi1OdmRCVkFubVo1YUwxV0U4WW5LVkw1dDQ3SVV4RGZtdkxkOElvVVpCcER2Q2hGcVlYV0xGdFc1YTJ0T0dDdC11bnRjN3hHbDNnVVVBc1paU1NjVV9uUlh0OGZsY2lUUzRrNmNVa2ZOYmg4VGU4VE5EWmFZY245OGJ4dnZYTS1wb19acmNNZzQ2cVRvTTZucTlTdVJJOFlPUktXb0N3dFN1QVQ?oc=5
2026-02-09 14:36:41,AMD,AMD price tries to recoup some losses - Forecast today - 09-02-2026 - Economies.com,0.0,0.1,Price Forecast,RSS,https://news.google.com/rss/articles/CBMiygFBVV95cUxQNDNWcWUtN2xwZjJyZ2wzazZad3A4bWFvOFd0U0tiWDZodXQzWE9tdEFCRFgySjdkR3l1eHNIdXFlX185dU1WblByUzhmUTVwMWo1eHl0Tm5Lby1DaTIwaVhvMWFWUmJRSlBhOF85WG9XaU8wdjdfVldQbUN0OEVVdnhLTndvRUdUN2NXdk1rSXoya0lHekhNR211SXBCeXdpbV81LXd1MjJ2UlAyOEN4bzZBQUJtRlJZWktId2xfWXFQVkFudms4bzhB?oc=5
2026-02-09 14:36:41,AMD,"Nvidia, AMD jump on Big Tech AI spending plans; CPI and Nvidia earnings are the next test for AI stocks - TechStock²",0.6,0.7,Sector Trend/Market Movement,RSS,https://news.google.com/rss/articles/CBMivwFBVV95cUxPNk1kYVRUNTBVWm5SNGNkNVVYaUtQQ05RR1dVVnFuYXFUUEhQMU95a0JMTW9PVkpQOWk4R2Y1c3ZHVVpkNm14WkRKbHJLR0V3Zjkwb0JyOXVhSDBTeFp2QWZ3cE1fa0U4b0NncmpOQjhxLTU3eUFHQXhFS05oUGl4cVFmMXdKNmlEa2lmSUVrYjdQX0REWGhIVi1JQlpMX1cxNHNjek5GVnROX2NMTzZJZHktbDBaQkRnMmxDLTBkbw?oc=5
2026-02-09 14:36:41,ADBE,"Signature Estate & Investment Advisors LLC Sells 165,748 Shares of Adobe Inc. $ADBE - MarketBeat",-0.8,0.8,Shareholder Activity,RSS,https://news.google.com/rss/articles/CBMi1gFBVV95cUxPYktKa2I1eGdhcHNMYk9ZYVlSMGtoc2gyZTZnWHlTWnhZQTl6SnJDTGp4UE1lQ0lQenprMGxpbkxpdTNHdG1XN0ZQc21mUWV6NWF0ZDZaY3RlamhCSEU5WXpMbmhTQW8yRmVtQmJXSk0xM3hqZ0tFa0Q2b2pKa19fTEYtLWxpdUFjSVNoczdtb093MWluMExCVDdIWFVYZURHNm8tbmZsVm1FNnZVUEg1LXRfM2xTUzNNWldtSXRzSGoxbGVfT3pGellQWDllWGlELVJmNVZn?oc=5
2026-02-09 14:36:41,ADBE,"2,037 Shares in Adobe Inc. $ADBE Acquired by Tempus Wealth Planning LLC - Defense World",0.5,0.4,Shareholder Activity,RSS,https://news.google.com/rss/articles/CBMiswFBVV95cUxQaDNsbVdSaGN0U3hRLVJ5cy1DNXZSRERfYWI2OENRRlNRR2g2eklVQk9wSjhlSU5BV2RFWGtoM0tPSVk3WGJIdkVMMW5abURUZzJTeWFTQmR2bmFmTG1KV1djUTNUbnZlZVZhOTNoYldZaEphMkRaT3o5T0tyLXVTeU5HdjlYOHpiWFhxLXA5dXNYSTM2UXFMLWxoYlA5VURRT3g5czRqS2MzREc5Z3dEZnF2UQ?oc=5
2026-02-09 14:36:41,ADBE,Wilson Asset Management International PTY Ltd. Cuts Stake in Adobe Inc. $ADBE - MarketBeat,-0.7,0.6,Shareholder Activity,RSS,https://news.google.com/rss/articles/CBMi0AFBVV95cUxObDZ0VktmODFvcVFfc3VSaVlyWHVzRG5DaUt6YjAtY1R1WXRMblJIRUtkWTNoLUVkUk0xYVREY2FLbTRFdE1TZzBKS0Y1bXdkeHdIbENKOTRobjkwLVMzRmZjZEJTRWtLcnl4MHpUeUk4Z1FaUlc5UXd6OGRDd1loTWk1d29HX043U1N4WVhQMUdjNkhxMG5XV3BQc1BFRU5PMmRXRUNOMWN2S1dqRkRLLTZvUGxMS29pSk9QcGZUQUUwbzl6aXh4VVZkYk52Uml5?oc=5
2026-02-09 14:36:39,AKAM,"BI Asset Management Fondsmaeglerselskab A S Buys 10,683 Shares of Akamai Technologies, Inc. $AKAM - MarketBeat",0.4,0.3,Institutional Investment,RSS,https://news.google.com/rss/articles/CBMi6gFBVV95cUxPZUVxeXBBeU9DM3FjZy1PQkx1cEpjOUZyNW5zWmpsTkk5OFRXVHRBaV9DU3UxdUFGUGZPUDlCYmFpTG5IREM0TEQ0S1REQjVxVWEzWFk4REhwaFprckNKWF94RFZGU3M5MVI3VC1wd3JSR1B3LTlLUURtUGlfYVU1WXpQbFQ2NGxjc1NSUi1UZEZtSHBfbGJrWWpPV2RnOTZSZ3Vla1JneXNNTkpvV3A4cUdmdUtkMC1xbkdPcXVoblFYN1RHU3ZqdTZnVzBFQTd4b0g3UDUzM283Z3dTMkVHQ0xnUXA0Z3lEeGc?oc=5
2026-02-09 14:36:39,ALB,JPMorgan Lifts Albemarle Corporation (NYSE:ALB) Price Target as Lithium Sentiment Turns - Yahoo Finance,0.7,0.6,Analyst Rating,RSS,https://news.google.com/rss/articles/CBMikAFBVV95cUxPS1RfcUNLNEs5aDBkeFhRaVU0WU1IellXYzlpb180Q0R0Yy16SHNVZno1TVM4NmN1cHVYS3JlMWJuV1dpaDRPOW04ai01ODN3aTN2ajNiNGVzN25QM3RWVk5DbkM0Y1YtbFExekp3LXpFV0tEYmVRWDI1VFBpV3QybmFZVnRBUTBRZ3l4Uy1xeUM?oc=5
2026-02-09 14:36:39,ALB,Alps Advisors Inc. Has $11.33 Million Position in Albemarle Corporation $ALB - Defense World,0.2,0.2,Institutional Investment,RSS,https://news.google.com/rss/articles/CBMiugFBVV95cUxQTGVHMXRjVzlXQ1dqV3A2bExHR2tObWs3Z2xYTW9Fek81eFRPXzI1V3NGZE5sSFlnUFg0aW9hYmZ1QlhCR3hmbGg1T1RIOEQyb3lZSzFTd1hERFhVNW1kVkJaOHNEMGlLbHRZajBPaWlWc0VEbTRDbFEzUlE0cE80YjkxMXlZSnREMTcxbHNJbmNnaWNST0c1R3lCTG5ORFN1bGprSlRTcUx5V2l4NDVWUFNEb3VEYnVaTWc?oc=5
2026-02-09 14:36:39,ALB,Aegis Wealth Management LLC Acquires New Holdings in Albemarle Corporation $ALB - Defense World,0.4,0.3,Institutional Investment,RSS,https://news.google.com/rss/articles/CBMiwAFBVV95cUxPVDJmN0Nuc0Rkck1GMUNjdEZOWWFKeGx5c0plY3ZPYWFQeUJHZldQYXR2UHRmUnVmQ29oajFSSVp0b0UxOFY0RVJsbHp1eVNkWlM4dXZMWlBKS0daeUwzTUd0YUlOWGRqX2k4R1FyWUU3b0k0d1VTVE5NbmhDMU55T2JTcUd5RV9XcmZhTkRQSk40d1FQNHdHUFVLbzFaSmxtRHpSenlOXzg5Qk1YMExXWW9ndkhBUEpRcHhySHNDV2Q?oc=5
2026-02-09 14:36:39,ALB,Don't Chase Albemarle Here (Rating Downgrade) (NYSE:ALB) - Seeking Alpha,-0.9,0.9,Analyst Rating,RSS,https://news.google.com/rss/articles/CBMijgFBVV95cUxPa3FTWVVHbElnYkEwQ25iRkhqbGRDVVRpcTNETU5YSnQwRVRPeDBYZlZMdGlGOUdjUzFJZThKMmFfMHpOVmtlek9zdnZMX1BEX0xabzAyaEFURzJnV3Zpbkg5UldwbXNfYnk2VDI0SVFfVTVfLUx1ajcyZ2N2cTZxaEdDdWJsX2ZSX1l4Q0ZR?oc=5
2026-02-09 14:36:38,AWK,"Thrivent Financial for Lutherans Sells 57,126 Shares of American Water Works Company, Inc. $AWK - MarketBeat",-0.6,0.6,Shareholder Activity,RSS,https://news.google.com/rss/articles/CBMi5wFBVV95cUxOM3N0a1V0d3BYTFhiQjNQWU1Mam5XUVZWWlJNT2xsOUJZVHo5Q011N1VueDhXbHFrUDl0ZnN5dzVIMHA3WUljbXF0bkVCS0QwOXptWk92OWZNbkEwVmc0ZkZkOGhrNjNlMDZPV19yWEk1RE1hOV9xNEdsVTFGa1luWkdhdHZvT2VDRVhlSlgzT0NGdzBiUElONUdDalJidDVObUMxZ2pwRDVZQ25TX3pFNjk2WG9VZkFENGl3alh1WGFiLXg0NDVJU0ltTXZLU1lsSGZyLXA3ZEZqNm1BdVZOR1FoRW5Zd1U?oc=5
2026-02-09 14:36:38,AWK,"Nuance Investments LLC Sells 30,466 Shares of American Water Works Company, Inc. $AWK - MarketBeat",-0.6,0.5,Shareholder Activity,RSS,https://news.google.com/rss/articles/CBMi2gFBVV95cUxNcGpHLTZ4Wkl0NHlORFBaT2ZZOTNYWUdVMTgtdFJTbWFkcGhKdW5sdXo0bjA0eE5VVGZkTVJFRDZ4SHNUVFpqQUU5OHVaNktkRk9NYWxNNDRPQjBSaG5hekFQTW5Lbk1vdHlPRnpHak1OVW9BUzdFNGtTWklKc2hsYk5XZ1l0R0FKUzdYWFI5UlB2NXBWZWktckZjY3JhOHZ4ajA2OVVLWVUwdGxzSWQ2aUt4S1htZWV0WE1sX3FkWjhTZVhKcG5CQ1ZWT0hHN0lTZm5VNGpvMlY2QQ?oc=5
2026-02-09 14:36:36,AMT,American Tower Corporation $AMT Shares Acquired by Azzad Asset Management Inc. ADV - Defense World,0.6,0.5,Shareholder Activity,RSS,https://news.google.com/rss/articles/CBMiwwFBVV95cUxPWVN2RzdyOUUtdnhINGVESFRPZVpONm5DZTU5OTBjUzdKbUg0MTRkQzR2M0hIVFhoSXpOYlBUdkpFQ3JJLVBEQzM1V000dUFwcHpCV2xnY1l4QkNtNUtTREkwMFlXWUdxazBZNkd2cGxTQ0hiTWVKSjd0SVFzQlRvX0h2dVFSM0FWYjNjNkgxQWtFWXpNUVlRMXdRMDFVRENLYUtla19meTRMM3JacDB0WmNXOUVJSThRWDBJcjhTdzU5ODg?oc=5
2026-02-09 14:36:36,AMT,"Oppenheimer Asset Management Inc. Sells 3,841 Shares of American Tower Corporation $AMT - Defense World",-0.5,0.3,Shareholder Activity,RSS,https://news.google.com/rss/articles/CBMiyAFBVV95cUxOQ3M1NFR2djFOX2pJLURUS2JYRTJkcHViLW9YVDlIVkwwNHpfdzNidk9paHY3cHN4OHdNU3lJUmNlNXB2b3g1OVFOQkp1TGlnUWU4bVh0ZGxIRGpJN0xZZmFGVExLV3NSWGNIVnk5TFRuOGM5SWxuRmc1TXRFLWtsZ2JUbXZOU2loa2RKQllfTzA2czR5QWg0UGNmeTE0N2VLT291ZHdfX2s0NXVvTVd1MEtuV3BaTjVkZnhpOTdEbzM5czBFcDN4Qg?oc=5
2026-02-09 14:36:35,AMAT,Applied Materials stock: Will AMAT rise or fall after earnings? - Invezz,0.0,0.5,Market Prediction,RSS,https://news.google.com/rss/articles/CBMingFBVV95cUxQWWFGcGQ5LWtOYVZ6NUd4LUtiNnZXUnZROVU2SWM4YkZTdFFXblBCNGd1RXRUelN0UTNsdU52V3ZtbVIyTUU5c2F1aV8yNEx6aENxSVVVTTBGR3o3MXpoZkl3R2dBSGVYZlpfeUV4Q0pQclpnWTRBQXVMaW9ZZ0hhY05oMWZNOE5MWURRbHVkVUlfTXdWYUVMTXFYaFRDUQ?oc=5
2026-02-09 14:36:35,AMAT,"ONE Advisory Partners LLC Acquires Shares of 4,033 Applied Materials, Inc. $AMAT - Defense World",0.3,0.3,Ownership,RSS,https://news.google.com/rss/articles/CBMivgFBVV95cUxOTk5PWXRzZDlPbDFlNnNSWEtuT2ZHdzZVSGdoYTNyWThHOHFHTDN2cENaa2kwTjdzR0htV2lfeE9raXEyX2hJamZpRTczV3hzQVUwMHRqVzZWNTEzMDdqYWd5R2Q0LWFzNmlJMk1QLTg1Q1lrTWx6YlJyWUVwVEFpaHpRQ3dZc3VvNGowSUxhbW4tSkpMQlhtWF9KS3kwczN2N1cyNjJBZUJIWUtKR2Vad3c0QmFHcTcyeWJSb25B?oc=5
2026-02-09 14:36:35,AMAT,"AMAT to Post Q1 Earnings: Time to Buy, Sell or Hold the Stock? - Zacks Investment Research",0.0,0.6,Earnings,RSS,https://news.google.com/rss/articles/CBMiogFBVV95cUxOVnU2UmtJRzdDaHZfQ2ROMEtwNzN2c3NrQXdSa3BFaVpoYXhhLWRDRmN3M0tvVWxuY1VpQ3BIbFZjdlR0T1NQTXM2V3JybEFDY3R5Tkk2blE1aGM2WGliTVZQbFR4OG01ME5IUU1pbXF3OWw0Z2RVaTV4bGlzbTktcHVxRW9rc2F0c1NyWE9TSWFRR2FwVDFkdkw2ZnlLbmFuVHc?oc=5
2026-02-09 14:36:35,AMAT,"UBS lifts Applied Materials, Inc. (AMAT) target, reiterates buy - MSN",0.9,0.9,Analyst Rating,RSS,https://news.google.com/rss/articles/CBMi1AFBVV95cUxOZ1hhWndsRHFOOUhucGJkZGgyN2F6alY1bFZ6SFZ0aXhnV0lWUHdaaGdWWDJ0akFqQkFlV2xKcERYSEVSOWwwR3JlTjhsVEROTVhySlBrOWlZWi15N2xjeVdQYnJEakpFYm56dFJhc1ZJRGI2cEZQYWNrRlViLVJSUzhBaHlKRWd1SDAyVFZZS2xjVFVLTWFJeFFuY2loYnhJZlJEM1pTV09tQldRLThxRDlOSlVYYmRPWExFLWtVM0JIUGZrMExSejBETVFVUFVnNktXRg?oc=5
2026-02-09 14:36:35,AMAT,"Applied Materials, Inc. $AMAT Shares Sold by New York Life Investment Management LLC - Defense World",-0.6,0.5,Shareholder Activity,RSS,https://news.google.com/rss/articles/CBMixAFBVV95cUxNOVZOWVkzbU5SVFhWOHRaR0VGcVlVVG9MOEQ5YloyRjFvSmJPYzZJbWE5NkNBUEttOS0xUEVpNnU1clNKamZNRU1ySEREOXg5QTNyWHAtcS1xM0JHNHpXMC1XOG9YVHRqTWIzLUNHZXhLVGloTEp2bWk2M0lUUE1ZZW1FaWxqYXl2aE83ZExOenVadUU3TWJUemtrSjhoU1BPR1BxWlpsalBzYktiMlBLd2dNYXdhMlI2enRINFdFd0h1bG9S?oc=5
2026-02-09 14:36:34,ALGN,ALGN Stock Upgraded by HSBC: Target Price Now $200 | ALGN Stock News - GuruFocus,0.8,0.7,Analyst Rating,RSS,https://news.google.com/rss/articles/CBMipgFBVV95cUxPWk1JbXJ6SmN1YXh4bzZoQzFXRmFEeDNmZjhyM05CaE9JWEI3aTdIOWhjT0lCNExJdXhOZEpyNHBDOE5aR00zdFhEeUZmM1ZQRzE4VnJxZlRyckJoOXcyOWhEaF9MNkdfWXo1MldSdkFMVS0xYmkyMkM0ZkNiT05FRmktZjBYR3pVaFp6azVGZTJ0SDJMZGpRN0pVQV9BaGtsMzZsRnBR?oc=5
2026-02-09 14:36:33,LNT,"Alliant Energy Corporation (NASDAQ:LNT) Receives Consensus Recommendation of ""Moderate Buy"" from Brokerages - MarketBeat",0.6,0.5,Analyst Rating,RSS,https://news.google.com/rss/articles/CBMi7AFBVV95cUxNc3czWHQwaDJPV3hNdk9hMzhkdGZNRHpVSGpueFdzakNWUm9GZVE1SnN2WUtaVkt5QU16WVhUQUZsQ1NxdWhManJqUmhBTlplTVpwbnJXaWdmeG1WMlRobXZqakdEbTViY3VkejBJVE9Qc1VBRFFmVmM2Q1lsOXVxcTF3QkNyYzd3UGZEbERORmRJdDRyN1BGMk1OMWh3YmYwQ1F0cVBQN3k4SVBBZGprbmhQTjF6UU5lWFB2OTZKRWZNRE5JYVlibWtEMXJHeTc2enQ0dEFhZXBZSFNGZ0JKbkxicHdBTGdvVDlfWA?oc=5
2026-02-09 14:36:32,AIG,AIG celebrates a year of strategic growth and operational excellence at Queen Alia International Airport - ZAWYA,0.7,0.5,Corporate News,RSS,https://news.google.com/rss/articles/CBMi-wFBVV95cUxNTTRaQnpaWmg5YjdVYjBZQXFpVFJQY0hrQVJUR1hrY3M1T3I2ZXgtMVQtaU8ycnB2c1hJN1NWZlhnelI2eVd2am9YWDNaU0lzYUhhaGNTeGFEODUwZ3hwN2VtRlpGeEhEQll4a0xGNDd6bWdWNG5UOVVZWWlxRXIwUU5taW9RWHFmZGs1dFRhcmtnTWFZaUQyWGw1MlgxTmlrVE5MVkdZcnpfbjZKNHpIN0xMeGdDVVpIQTBBRFJ4Z1p5eWkyWm5Bbm91eVg5WVpKM1hFYU1sZ3NMZ2w3Rk1WRTQwTmwzMklKV05mM2ZQTlBWYlpxX2ZaUElZcw?oc=5
2026-02-09 14:36:32,AIG,AIG (AIG) reports earnings tomorrow: What to expect - MSN,0.0,0.6,Earnings,RSS,https://news.google.com/rss/articles/CBMixwFBVV95cUxPbV9fbTB4eWg3ZGhyOUUweFQ2LS1JRmRNYjVlM0hIZHNzcUstYUJJUTVJck9VM0Q0aVFERU0ybTluS2xQd19rLXBMOE82WS1OdTQ2ZjNHQjVTN2FtV1V6b1ZmaWhNWXEyczdKYTMyVnBKaUI4cUxBX2J2TFJTcjZYcHRJQzhuZWd0WF9QZVJsNEw5UDhRbHNmc0lITXJrOV9HZnJMZWhJZE1jbjg5M3NxSFZuYTNZbzBQeUhrWTd2NlAzR0txQURj?oc=5
2026-02-09 14:36:32,AIG,AIG (AIG) Set to Announce Earnings Tomorrow: Here’s What You Should Know - Bitget,0.0,0.6,Earnings,RSS,https://news.google.com/rss/articles/CBMiY0FVX3lxTFBkTUlTOGhPc0w0NDNGc1hSb3NGRGgtRDBPVWx6dmF0SXNpTWxQVmJhdUtFRVlMY0ZTUklUOEJCUnJidVZZZW9VejJoVEh1eDNQdE9NWGhNODkzY2VuNzRwMVRKUdIBY0FVX3lxTFBkTUlTOGhPc0w0NDNGc1hSb3NGRGgtRDBPVWx6dmF0SXNpTWxQVmJhdUtFRVlMY0ZTUklUOEJCUnJidVZZZW9VejJoVEh1eDNQdE9NWGhNODkzY2VuNzRwMVRKUQ?oc=5
2026-02-09 14:36:30,MO,"AdvisorShares Investments LLC Trims Stake in Altria Group, Inc. $MO - Defense World",-0.3,0.4,Ownership,RSS,https://news.google.com/rss/articles/CBMirgFBVV95cUxPbXlRd1ExcnNUWC1VZElQc245NHJEMk9kZ0V6S3QweVNCRkxDV0tlVmJqdlN5U3VCR0doZWV6dVJjckZnTm14Ukd6Wk9MRFJpNFlUQ3JFQ01iT3RCM05BbmpHcjVrVXFGWWdnQVM3cW9FTEdKYm5vMDZsY2FHRDl0WlNNbFZ4RXN3N0c0RklSVTRPUm5HY2IzWTJndWlfT3pNOUNDMWc1M2FXWEJIb1E?oc=5
2026-02-09 14:36:29,ABNB,"Bessemer Group Inc. Has $2.63 Million Stake in Airbnb, Inc. $ABNB - MarketBeat",0.2,0.3,Ownership,RSS,https://news.google.com/rss/articles/CBMivAFBVV95cUxOY1RKdXpHMzVXRVJQekdobHl6Q2M3cVJCLTVKMTMxNG9pZVNZOHhvV01tSUlEYmtyblN3eXpabmFrR1I2bk1zMGJZS1BHcGZUWllRUEJvRUR4bDd1M0ZOYzBpdzFqc05yOU5XZXVrY190aDUydS1aSW5CNExOMUgzLU5TUGtWNHQ5dWJhaTBjMnI1a2F5d2cwWEYzTjZqbnlic2dPMWV5WFZZMzB0LUhoYWJUYUdGbl9XZkNtNQ?oc=5
2026-02-09 14:36:28,AEP,"American Electric Power Company, Inc. (NASDAQ:AEP) Given Consensus Rating of ""Moderate Buy"" by Analysts - MarketBeat",0.6,0.5,Analyst Rating,RSS,https://news.google.com/rss/articles/CBMi5AFBVV95cUxOSW84cUFYVGxjWUtUS1c4RlB2YmRGUHc1QW9TMXk5blhScHZFaFBoOVZsZmNhSy1NUEhlUUVXbWhGeGlGT3dwbGFOMGZnWFNmdTUtWFZJQ240elc1NXpCVlIxT1BOWnh0dTdmQ2FKNDk2ODFXNEZtbU1MT3U0RW1YV0hEZHA3U0lYQmpkUTNOWHVYakhGT1VzWXRBM0dVZUF4UGpYcWdQZm5HcHpVeUFOUEtxWWw3amFLNFRtSjdQcXZFYjN0czFXa2tUUjhhLUpCTFhXbXhFNnAwandNZVl5bU5LcVc?oc=5
2026-02-08 19:08:40,T,NBA Reveals 2026 AT&T Slam Dunk Contest Participants - El-Balad.com,0.1,0.1,Sponsorship,RSS,https://news.google.com/rss/articles/CBMiR0FVX3lxTFB2VXdHcGhHenVMVU91d1RsdklvblR5eXpsWlZLTGhrcFdjMUVQMXRwT2NyX1c2cmp4S1lRTDRRVnNKU1RZY2g0?oc=5
2026-02-08 19:08:40,T,AT&T Plans to Return $45 Billion to Shareholders. Is the Stock a Buy for 2026? - The Motley Fool,0.85,0.9,Shareholder Returns,RSS,https://news.google.com/rss/articles/CBMikwFBVV95cUxQNlU2MUoycERBUUR1SnIwNE5YODZBQ2l3N3ZvUXFQdWtPZ1RHRVB1TlZGZ2c2eWducTFLYkF4NlhKX25PV3c2c05wUXJPeVBzLU51S1ZZeFRpQ3Fid3hOTW9tVkZUSFFMWjN3M3dEWTF5VjZGMy1tWmk3aDlHSDJncnlQMHE2MFZUbmhoNUFHN29QZVk?oc=5
2026-02-08 19:08:40,T,NBA Reveals 2026 AT&T Slam Dunk Contest Participants - FilmoGaz,0.1,0.1,Sponsorship,RSS,https://news.google.com/rss/articles/CBMiRkFVX3lxTE0tYUdaVTN1Y1B1RTVFbW5ucmNPOHNjNEtDR1NxaG95eWRqeUxSZjN1ZGVtd2JIcWJpeVRoNmpfU1pRWmxjZEE?oc=5
2026-02-08 19:08:40,T,"AT&T customer gets $19,500 roaming bill for two days of accidental data use - MSN",-0.6,0.7,Customer Service Issue,RSS,https://news.google.com/rss/articles/CBMi-gJBVV95cUxQcFNqcUxUSnNUbnJROVhLYmwyaTROZWd5dmNZZkdpdnlIVGdfQWlSal9KcVRMVm9hNDk2SzhrSmxVSVllNEFGMmlNX0ItM0NIcFlybF9OWnFHbVRXOTQ2R29RZm9hQnVXUDY2bktYanN1Ty0tRGJrcjdFZlpvanZzeE45eWJhOHdWdHo3YWN2MllIWWZoblJsZWhWQlJadUpXVU01TWJoSHpha3FqeHlMaWtiOHkwdXdzb1NxbkxWcVgwQzZwQTU0Wm1MR0FtM0VxS29sS3pxbVZ0X3NheThDaWwwVzhOb3ctcGwwNHE4WDNFUkhESkNheHhsWG9qVTRKcjRUZU1qdnBJbHgyUmU4ZGpFYUxTbWZKSUdRbERmcmwwNzBBTzBGVks0LTREeFlhNEsyWkN2dHBXYXZKZHEwMkFxWkxpZXBtLWpxX256SXJUUVRZVmRCR2E2azZxclF1OEJXU193R0E4SVMwWGpPN3lDUm8wYk9QNUE?oc=5
2026-02-08 19:08:40,T,Alps Advisors Inc. Trims Position in AT&T Inc. $T - Defense World,-0.4,0.5,Institutional Ownership,RSS,https://news.google.com/rss/articles/CBMilAFBVV95cUxPVm1EdmVQeFpuMmY5Y3NjbDZhd2RRZmtOdFVNZkd5UzNadEFJUkdNSExfVXVGSF9vRUlVVy1SUXJVOG80el9rRmdWSWUwNFRvRi1oU09PZ2c0NmlJN1dXdGJ2NVdsbEgzRllFUXFlUEZ4em1QeUlNekphVEs3X2ZSeFJVWlgzczU5QllFMVpnWVJDRE8z?oc=5
2026-02-08 19:08:39,ALGN,A Look At Align Technology (ALGN) Valuation After Record Earnings Beat And Upgraded Outlook - simplywall.st,0.9,1.0,Earnings Report,RSS,https://news.google.com/rss/articles/CBMi0wFBVV95cUxNcjF1dkFHcThFNzlDVmlrZlFIdmM1WmhPZzdWYktLaExhUHo3dk5SQkV5NWFPdEQxcGdROS01YWp1WUNqcW56YkVkNzZ0Sm1yc1hUZVhVWGctVnN4Wl80OWJ5allxaEs0UkRqbTFUNHR0bnBCQzdNWlRKaE1iTlF2Smg1TFVXU1VUamlGM2lnd3pURUJoWFlHQzhCR1h1cHVhU3N3SjhlV3luVHNGa3hpRE1vcjIxR2JvVUJBQlUzLUJmczdRUVVSQ1V3b2dKcnNFdjBF?oc=5
2026-02-08 19:08:07,AMD,This AMD Ryzen AM4 DDR4 motherboard deal sees price at $60 - Neowin,0.1,0.2,Product News,RSS,https://news.google.com/rss/articles/CBMijgFBVV95cUxOaFRkb0RTX2t5OGp0TmJvdjdkUW0wN0tpN2VVV3VxRE9COGt6ek5mUy0xaEdOc2p6alFJazVxa2IwRjFIMGt3MDhFczVKS2V2WXpRT2VHOFdLQWpoMHpQeVUxUWwzT2VNM2hIWVNWdzNkNzNscGlqYnZhaDhmWE5DaE5veVd3cFdEcGlVWkpB0gGOAUFVX3lxTE5oVGRvRFNfa3k4anROYm92N2RRbTA3S2k3ZVVXdXFET0I4a3p6TmZTLTFoR05zanpqUUlrNXFrYjBGMUgwa3cwOEVzNUpLZXZZelFPZUc4V0tBamgwelB5VTFRbDNPZU0zaEhZU1Z3M2Q3M2xwaWpidmFoOGZYTkNoTm95V3dwV0RwaVVaSkE?oc=5
2026-02-08 19:08:07,AMD,AI Capex Fuels Nvidia & AMD Semiconductor Stock Rally - TMAStreet.com,0.8,0.9,Market Trend,RSS,https://news.google.com/rss/articles/CBMif0FVX3lxTE5UY21QcXRCWnVMUk5aNTVCWWRtZEdoZUU5Um5JRWhIaDZRVk93M2RVZGg2WWVKNHJnaFpEeG5YV2VHdEZ1OEtxRC1XOTN5YV92QWdaMEFyUXQtZmlkTVpTQ1FwNVc0VVE4Mm5YUzRHNE13V09rZk5YWFFQRmhkRkU?oc=5
2026-02-08 19:08:07,AMD,Intel Stock Faces Pressure as Foundry Losses Deepen and AMD Gains Server Share - techi.com,0.7,0.8,Market Share,RSS,https://news.google.com/rss/articles/CBMid0FVX3lxTE9oVWxYUHB1aUE4dFlyNHA4WFU3ZGlVYl8zX1JUTHZiRzBfT2VxSm9PbDVHa3N5Q3pscGRKczhUSFNDQVFQSXo1bjZLYnpTOFAyWVV4aVBaY2F5QVZJTHhNTWFsNHVMcjd5VVY5a20tWjkxTXhKeTdr?oc=5
2026-02-08 19:08:07,AMD,AMD shares slide despite strong growth. Is it time to buy the stock on the dip? - MSN,-0.2,0.8,Stock Performance,RSS,https://news.google.com/rss/articles/CBMi1wFBVV95cUxNcnF1ZmpyMXBpMVI2cy1TNzZ4RVAtQXhIVk5NanRuY19sNi1vSmd1b2VXZjZqZW9kaGo4cE9HWEFSQy1qUDF3S1dTeHB6c2xxN25ZcDVfTG1tSFg3ci00ZmowY0Q3dThNOW9Vc2g0azBEVVBlZTJUZFl3WlFGN1dzckpVNWJMa3hlakFCTTdMZWl0NHZycU9pMzJFSFU1M2haNVUxams5LWlUU184Q0ZVZ1ltMGhJU3JhLW5La3FYeC05N1ZTOHpSbG5nUFA4ZE96dW9sOUZWcw?oc=5
2026-02-08 19:08:07,AMD,Here’s What UBS and Truist Are Saying About Advanced Micro Devices (AMD) - Yahoo Finance,0.1,0.6,Analyst Coverage,RSS,https://news.google.com/rss/articles/CBMihAFBVV95cUxNMVVXRDd5eGppVUNOemFLb2N2MU9oYy1hSjlOSTRWLWdDOUt0M3BiLTBDRU5URDlBMmtCMWpQT2d4bjN2THUzeUN5aGRvLTlUZHFMWXQ2ekR4dU5KVEhHamh4Rmh0WC1JaE1HZ3VWUzBrZXpwaVIyX0JVbDE0dktFdlNNcDk?oc=5
2026-02-08 19:02:45,AAPL,Elwood & Goetz Wealth Advisory Group LLC Grows Stake in Apple Inc. $AAPL - Defense World,0.6,0.5,Investment Firm Activity,RSS,https://news.google.com/rss/articles/CBMiswFBVV95cUxQelhKSmhlT2t3Mzl2YVJQLXhGT0ZqdF9xNlRsTk9laWtVNW5LMnozM25UamNDak5wZXJybVhQelNockNIY08wcVpCbTM3elN1V2J5SzM5Qk5tOGVnMEJFcTRQczU4ZVdzbHNDbWdZMXlLNHFGdUpiXzM3Nld0VTl5QjVnTWI0QnAtVDUzR1oyNEczX2R2SUFkZDEzd2dyVnlVOUFLQlgtU0JzVVI3SGFQdEU0cw?oc=5
2026-02-08 19:02:45,AAPL,Apple Inc. $AAPL Stock Holdings Lessened by Argus Investors Counsel Inc. - MarketBeat,-0.6,0.5,Investment Firm Activity,RSS,https://news.google.com/rss/articles/CBMiygFBVV95cUxNQURvZW1oVG9KVkZOb21JVUZCb2dEdzF2Q25HNVVHNmhlUHhFMS1tTFQ1dGlmS2steThlQ1NvbXJINzk0V1FKc3dfWGZ1M29PQm9lM2JJaWtoYkFnS1psRjhrLThsYUg3eU00bkZUeVg1SEZJdVVkMndtQUdHN0Ywa3p0eUlFem9ZZTM2ejdhVG1xY1NKdGZranJYTnNGbEpWS2JMRHJoRGNhQkx0Njg2bkVRWU5LT3FrdW84eW54LTdJb3ZVcF9OdTJR?oc=5
2026-02-08 19:02:45,AAPL,$AAPL stock rose 7% this week. Here's what we see in our data. - Quiver Quantitative,0.8,0.8,Price Movement,RSS,https://news.google.com/rss/articles/CBMiowFBVV95cUxOZlhKRmlDS0IzUFJ1X0RhUWJ6RHdvRFFxdFNxSFlRZHpBYmtwMGttYUtJeV9WT3JCbHJOTlltWmdkTjBzQUlkSC1udnNBcGp2WlJOQmhMVDgtdlAxbHpRbnpqMFBTc0ozZ21lQ2ZpNHRLUHh6UnhoNmJJQThlMVRBSU53ZjJWZzZuVTVwTExrNkVIMVNmU1lMZTBvSGJ1TnVmcTZn?oc=5
2026-02-08 19:02:45,AAPL,Silverlake Wealth Management LLC Increases Stock Position in Apple Inc. $AAPL - Defense World,0.6,0.5,Investment Firm Activity,RSS,https://news.google.com/rss/articles/CBMivAFBVV95cUxON3ZiTUkyWm1BNFZKWFE2blBsMUkyS2Rmc0twZFdaSmVqMWtBanVlQW53ZnpZSmxETVlhUkJrYy15ZkJoaDlHRFVnTF94STlEeFg4Y1lQQ1VvNnZOc1B6NkdzMl85cnE5U1JvWE1PMUtNX0xwWUZMdWFTVVpDZzBmakVYakxpdTJ6UXY4QmFka1hQM3ZBSTBtaXFrSzBFMUdWN0gxOU41MGpFWndSaTFoNXlSaF94dlJ0MlJIaw?oc=5
2026-02-08 19:02:45,AAPL,Apple stock (AAPL) set for Monday test as memory-chip crunch revives iPhone price question - TechStock²,-0.4,0.8,Supply Chain,RSS,https://news.google.com/rss/articles/CBMirgFBVV95cUxNV19yaHh1QW8zRHpFajdhdEFncG95VXcxUy14UEJrRXRkZWxiTGdvR3lxMHhhaWliRDhqQXN2azM0ZGRvdUI1WUlLZDd5WTNwRWM1QTktcUMtWWl3bHRic1FRZlRaV0owMVVVOHdUeThHXzlyVF9JQmdrWXpVR3lKUHN2el9fVm44Smp2eExmVnVCRjZhRFllbkRXX1VzelpXcUJ4OG95OVJpR04walE?oc=5
2026-02-08 19:02:40,AMD,Should you buy AMD stock after its steep sell-off? - MSN,-0.2,0.6,Price Movement,RSS,https://news.google.com/rss/articles/CBMi1AFBVV95cUxNeWdZNklxR2Nnd19YdDBkbXVtOHdKemtWUFUxNy1NTHY5MFQ1MGd0cFE0Y0MxX1hBdG5MajNoMFgwc19SdWFWUm5Eb1ZCZVczWF9pcDhXTVZ2X0U1Tk5FYnQ2cUcyTkRtbjhBOVRSS2hhaHJoOU5qdU5KMVNGLTNDc2VUUURmREhXSWRmdFZURk9ZRE8wbkprbV9WNkdJLUZ6bnhldkdaX3RfN3B5R1g2ZVEzY0Z5amswNkcyVEc4YXRMVno2RWw4VnRvTWpmVWFfQ2diXw?oc=5
2026-02-08 19:02:40,AMD,Jim Cramer Discusses Key Factor For Advanced Micro Devices (AMD) - Yahoo Finance UK,0.0,0.3,Analyst Coverage,RSS,https://news.google.com/rss/articles/CBMihwFBVV95cUxNMnZ6SExPdk8yX3JYb2Z2bkstUnMzd1RldnVNbTcwUnBHdzhFN3V4a2U4eDNDWHFrNFcxMGJqQnVxVlpBelhUekU2RHFWd2RNTlpTMFRiY1lEN2JjMHlwcERhaV9pc00ycnY0aUxVZTBza2tGeHpyOERRZERwQXBlZ1NsUTdPdTQ?oc=5
2026-02-08 19:02:40,AMD,$AMD stock fell 12% this week. Here's what we see in our data. - Quiver Quantitative,-0.8,0.8,Price Movement,RSS,https://news.google.com/rss/articles/CBMiowFBVV95cUxNSFJublhyWVNTREVSSDVxb0IyZnlCbVV6OC0xZGxKYzJIQ2hLZV80dmdSWnRWbDUwTmx5UzZzVmIyMWdETnhTMGlnNE5mV19UWEl1UG1XanFUY1lKUkYwVjRzaEVXbEVLcGJBZmRMSkF4ZWt6NkFzM1pJNi1wOF82LXRHSF94OVpmMUd4d1Rwc3VtUjlkOFRNYW5qQjM5Z1pHN0xr?oc=5
2026-02-08 19:02:40,AMD,AMD shares slide despite strong growth. Is it time to buy the stock on the dip? - MSN,-0.3,0.7,Price Movement,RSS,https://news.google.com/rss/articles/CBMi-gFBVV95cUxQYzdFS2JWMFBXLXRJWWUxc1NsbXpjd1MxbHEyeHNaeFd5eWd1LUlOSjEySXBNSmEwUlZtV2xmaFZQaU5BMDZ5emR2akYwOW9NOVk3TjZDUXVKRU9NaEtXUGN0MC1BbXBBNXViQnVuWl9PV0RRWVVEN28wZkk4YnYybGduYVptUmd2NVh5Y0hsdkl5N2VfUFlPejlFcngtcUd2X2Y0dDZSaUJ6dEU5aGpqMU1EN1FrelFRTFVFWVdPb2JBbWVubnRZcTNMNVl1ZXo3aGZKS0E5MnF1M0o5RHhJSWlVMUdqQzRCanl5X2NyTmphMUVqcVdLMXVn?oc=5
2026-02-08 19:02:40,AMD,Jim Cramer Discusses Key Factor For Advanced Micro Devices (AMD) - Insider Monkey,0.0,0.3,Analyst Coverage,RSS,https://news.google.com/rss/articles/CBMiqgFBVV95cUxPOHhsaEZxbl9vNmp1WkxaSjFZN0J3amhuQnBZQmVXWjBTYmtOaTNNRDdWb1RqcVRvVWVyY1ZKeVBVRkN4NkdHVVhIdXlrSmRVeXpNVUZKQmZRVnZ6T2Z1UU9wcWZiU0Fqbk9FV3Nmd0RoZjUwR2lFamNWeXoxbDloTzBjTTZqTFZxODZyQ1kybVlNNmY0Y180cHVSVGJpaU9hWDFjUVpXT2htZ9IBsgFBVV95cUxNYTVnZzY4c1o5Q2NsS3JOOUt0aDBEeVBqc2VNOGNycnZQMjluOVB6ZkpldkNVVnRwRWg2eDFIVTNFSDlyMkRRQmQ1OXlTLXFsTXhIZFJYV0tZVmI1bG1kdzc1eGNxWGRPd1JLdEhGSXV5c0tkc3J4RFR6U3gyRGIwZmpvNTRRXy11U2hHRUZUUWpBaXdyLTBHMHh0OGl3d1JZMFJqQzBvbXZneEZ5SEtWZHR3?oc=5
2026-02-08 19:02:39,T,Houston Upstart Ezee Fiber Blows Past Comcast and AT&T on Speed - Hoodline,-0.6,0.7,Competition,RSS,https://news.google.com/rss/articles/CBMimAFBVV95cUxQS2FQdldPMklsQm5ObFhjc2Rjd3hEWWh6U25uT09MX2hXSlVnbEQ5SVA2VDRpaWU2ZVZzZW1kTGlCLU1DRW1TRWtvbEcwSnU3UkFzUjlCcWw1bVNnRUh5RFZKMkJVR25xTklzZXEwZWZ6Nm9FbTBkWTZyVm9CcHNveDQ2WkQtYXZRMnVQM04ybkVuMkpXRFEwMQ?oc=5
2026-02-08 19:02:39,T,AT&T Inc.: Can the Old-School Telecom Giant Reinvent Itself as a Modern Connectivity Platform? - AD HOC NEWS,0.1,0.6,Company Strategy/Analysis,RSS,https://news.google.com/rss/articles/CBMivAFBVV95cUxQaXVoYmlkN2JiYWZWd1pDT25xaG52bjVHa0lRdnhVQzdmaXlMUFVZVmtuYW9NQ1ZybzVpQm5PR1FOdHIxV1pjZzc2emZHTmE2c1ZwM3V6WFdXNDJHODhCVnhoeDdFMHljSEg2ejBqQ1VOaFYycWhEd0UxTUZGNF92Y2xBdHhuZ0tEUzN1czgtaFhMSC0xY3RoVzJiT0VJeTE2UHpxY3o1UUdEdUg2WFJRV2pxeFRMckZrTXlCbQ?oc=5
2026-02-08 19:02:39,T,"AT&T Pebble Beach Pro-Am history, results and past winners - Golf News Net",0.0,0.1,Sponsorship/Marketing,RSS,https://news.google.com/rss/articles/CBMiuAFBVV95cUxQLUlvd2NUU2xrd0hpU2tBR21tM2IwRVh6TTA0ZjRtWjVSM3JuLVpzZVlfU19kYTZHUnZobHo3c3lSZFJGdk5pbTNJMzk3RFVCZVBXWGt4SkhRSGwtdkw2eVZ6WkhKVko4bmFEbUtEU0NsWTJaUTJFazJCS0NURHhxcHZIU1lxVTVCQ1ZGVUh2S3NCN25raGdTOE9zb2JnbEFKSjFqNFhndk9HRWNQZkZWYjNteVc1U3FB?oc=5
2026-02-08 19:02:39,T,AT&T and Samsung launch kid-friendly Amigo Jr. phone for $2.99/mo - MSN,0.5,0.6,Product Launch,RSS,https://news.google.com/rss/articles/CBMiugFBVV95cUxOdGtUVHRyUzZHQjFrYldQQ2JEWTNYSV9ZMmltVUExbHh6ZUVZd0c5Y3RYNjViMDBFWGs3cS1NOE9FWS1oazA4czZYcTN5ZExtQkRraHA4bVRJMmJuS05KTXJxWkNDbnlGb21halJqa2FxRjlnTWhoN1RfVTNDMFhCZlU2dTRyOFpDZHRlbTRBNmg1d0t6cHdRYkN1S3l6MUJ6eFNlaHRtZFE2THI4aG1HUzlxVm0tSjlFNnc?oc=5
2026-02-08 19:02:39,T,AT&T Employee Relations: Updates on Labor Negotiations with the CWA - AT&T Newsroom,0.0,0.7,Labor Relations,RSS,https://news.google.com/rss/articles/CBMimgFBVV95cUxNRHlLaWdESjhqSG9TdllsUVVReWQyVDBRb1BYMXZvM2RtQlJ5TUFzcllrd3VwV0tORWd6WUVRc0FzMlZoSzFST3FzbU5fYVJQTEU3NGIzaGM4VDRpbDk5ZFl1N3VteXh0d1VGWWNZb01zYVRLWGhfbGQxMlFOZ0dKanlEd1lxRTZXSWQzc2N6aFN1ZEdqdklFY2VR?oc=5
2026-02-08 19:02:30,MO,"18,211 Shares in Altria Group, Inc. $MO Purchased by Lantz Financial LLC - MarketBeat",0.2,0.3,Institutional Investment,RSS,https://news.google.com/rss/articles/CBMiyAFBVV95cUxNTDFNNDJJYlRfel9GSHVpb2hiZFVsdjlPN3djYkZObVRBYno3YkQxNU1RSF85VFBFcEpGeXRVNTF0ZmVFeXd1eFhINnVFZDFMYlZ1MHZ0RUptYndOcVFram9uMjFyS25uaGl3aFc1YVJNYWVqVEh3cFBGeVN0Rlg4Z0VIbHE4WWlGNzdyQ1pQZmtnS2VTRThGS2VQZWNmdDVXTkJGS0ZpbUJ4enp1OWJaNUZ2SUJ5RThCYmsxQVVYbWdfZHJlWWt6Zw?oc=5
2026-02-08 19:02:23,APO,Should Apollo’s Projected Surge in Fee and Spread Earnings Require Action From Apollo Global (APO) Investors? - simplywall.st,0.6,0.8,Earnings Forecast,RSS,https://news.google.com/rss/articles/CBMi7wFBVV95cUxNdXpjeTJac3dTNHBRbW5GQzJpNEF1cHVqNHoyVHMyM2xpdkRXOTlzSHBJcUVsMzg2dkJDQW81eFJyTWx4M3NuZmM5TjlDbzgxaTNRRzNoeHFYVWNGRzRPYUlMeEJlYV93azA1RmRPMFNYNk10eVJfZjk3RDZHaWZJOXE5MUlqdVZHTF9PSVBpeldCZ295Y1FCX0NBQ0F2MllLV0JncEQ2d3M2UUdPSzdRWnVBbFMtUkd3TFg3QWtoRG9CUTktUEhqRVdmRzM3ZjFNenRtYUVkR3BwalVDaG9iQ1RVVktENTRmaWU0aTZCbw?oc=5
2026-02-08 19:02:16,AMAT,"Earnings week ahead: F, KO, CSCO, SHOP, MCD, BP, AMAT, COIN, MRNA, ROKU, and more - MSN",0.0,0.5,Earnings Calendar,RSS,https://news.google.com/rss/articles/CBMi5AFBVV95cUxOaDExNEdOVFNhSXBvSzc0Q1FVcndBQXJwdE1kSm9tdHB1U2NqZ25rRXFudGIxSUxwVGVaZVNPWkJ2ajJMSUJrZkNwazF3M1VTTjRaSHpELXFuWTlPUkVLcndlYWJTMVk4WWNKX2xYSXlKMTR5Wmw4UG1lTTI5cHF6YlN6Q2pRQjdhYzZGMWNHVG83S3N1a0xtRVRQVjhOWU84OHBnaEdBbDdnNWNna0htQ3hBOHpackRiWWFvV1o0VFBNcTdwVnl2c01DWWc4LXNva2NvV2w4M09tV3VFa09fWmFUYmo?oc=5
2026-02-08 18:52:32,T,AT&T is taking the fight to Verizon and T-Mobile with the strongest pair of iPhone deals I've seen at the carrier yet - TechRadar,0.7,0.6,Company Strategy/Product Offerings,RSS,https://news.google.com/rss/articles/CBMi8gFBVV95cUxPcU54RG4wLU5iVmVTaU1fVzNsZGRxdmJSdFliQ3BYblcxaEVYSF9uMEEybTgtU003ak1kaXhCSTdGSEZpTmNDUkFFdDY1MTVQYi1NbHZwLVZfWnhBXzZFQ212bF80THpSNmtXOElVbkMzRmRoTHRwa3ltWVp0TmxfTWJWWElxMkZQLTU3dXJTeDU4M0l1Z0lLMzB4V2VNUlZNUXVmU3NyaWZnTzRZYnBRQ00wN2t1NmdkM2ozWk1EaUtPZjhVMWFDT09oOExtX25lZndWQVVFaXlGLXBkcXh2cXVvX1pFRjJpUDlqV3VoOGRjQQ?oc=5
2026-02-08 18:52:32,T,"T-Mobile can save you over $1,000 per year vs. similar plans at Verizon and AT&T - Mashable",-0.6,0.6,Competitive Analysis,RSS,https://news.google.com/rss/articles/CBMiXkFVX3lxTE5jNE5xUHplNWFaejZaM3IyLTRqOHNqTi0xdGJnMG5IQW9tWHBfV0p3YjlLekprOU1XSkxnamRuaVZfTnZmbmhXUTNOZ3hUTmtRanBYYnR1Wk5JNGsxWEE?oc=5
2026-02-08 18:52:32,T,"2026 AT&T Pebble Beach Pro-Am field: PGA Tour players, rankings - Golf News Net",0.1,0.2,Sponsorship/Marketing,RSS,https://news.google.com/rss/articles/CBMivwFBVV95cUxPYWhzX19JenVGWDR0cklXb1pwUDBqY1N4LWFTYzJsX3RMZm5fMnhPSUZVSDdfMHlnN2N0QVRramhhenFJVmkzNEQ3NGlENW81czBHa21jVGxIc3RscWE2NkxicHdydzBzQlMycjJnMW1SN0V0YzBXUTRwMDIzdlVfd3p4R2lidG8zd2tHYk9HS1RLNnEtTTA4MlpWbmdpaGp4elZNbFRFTFJLR1BPQ0pieVQzQTAzbnVLMEk2SWJ4cw?oc=5
2026-02-08 18:52:32,T,Miami Heat’s Keshad Johnson to compete in AT&T Slam Dunk Contest - local10.com,0.1,0.2,Sponsorship/Marketing,RSS,https://news.google.com/rss/articles/CBMisAFBVV95cUxNR0tER3BGeTl0OE5PbXpFSzcxUG93MGU4bjhUVUZYaExpdWZqdUdXMndqTklDQkdlbE1rTWJRSlpiaGZ3OU5YcW9VUlFXWTRNODhSM2g3VG9GSW96OE5LN2hWZjc1NzNuOWY4NWFYakZoMlV5ZXJnMWdZWmxLVVFoQ0czQWNYeHdpUkZfWXNCYnVqMTVtWXBQcTZzQTdTenNkMlB3RnVaT3pSaTQ5cTAyZA?oc=5
2026-02-08 18:52:32,T,"Wells Fargo maintains overweight rating on AT&T (T), adjusts PT to $27 - MSN",0.7,0.7,Analyst Rating,RSS,https://news.google.com/rss/articles/CBMi9AJBVV95cUxNOWsxblJLQmFwcmJ0ZThObGYyUnhfNDRCNmR0ZHpIeEM0eFB5U3ZfTE1uUEgtTHRMQ19lbThHZmZqTE55eGlfNGpHS21QSEtZT3MyQUtVODd5M0NZSkgwTzlCOURqcXl1VjZST2YteW9pa3dLdXo4Y09tZUw4ZEtxc3NkMF9FTWdtYU11eFZSNDhZY0NqNjAyaE9YcHVxbUZUdkplSDFyaEpBZDViZ0dXbEZFRkJlZGdKYW1pdUhkMFJyaVBabENuLXZmVkhaWHcwbWpxWUxZTmQyNVN3N1dIbHc3cFR6T1ZVbVJXVHVyWnpsSHpOSExvUjN5VXFMWGpGRmlQenJTZHhwaFNBNmJoX2xZU1JQakMtOUNZOWNhdUpGUVpPZkdjR0w5SGs0TG9feDUwUmRLV1hyWDhhOS1lUlBSd21wRFFWeW16b25IbzlVWWd1WkR4VjFCRVY1cC1yNDUtQnBPRVd3SHhhZUtOZUEtWmM?oc=5
2026-02-08 18:52:31,NVDA,Mizuho Markets Americas LLC Takes Position in NVIDIA Corporation $NVDA - Defense World,0.6,0.5,Institutional Investment,RSS,https://news.google.com/rss/articles/CBMitAFBVV95cUxOaVR2OVNLYUZRSkdUVUxoZHdIY0F5M1hnbTBudXloclZOZ0xWRUhRNWd0Sk5wd09vNUFNVmdfWkEyOXFVczZpcXBnTVhJUHlGT01KTWZXZXoxNDlyUFpoS25QUzFSdmFmOXpmLXBfRkhiTUtHX3VPMWJZUEdpS0QyVEZrZVViTWdGX21PWGw1VVlraldwTWhieTh2aVYxRWVJN1h4TzhYUHNBSnBSa3NYRV9jeG8?oc=5
2026-02-08 18:52:31,NVDA,"Nvidia's (NVDA) Long-Term AI Trajectory Remains Intact, Wolfe Says - Finviz",0.7,0.7,Analyst Report,RSS,https://news.google.com/rss/articles/CBMimAFBVV95cUxQMlB3VmZnWklBWVVLdF9nYnMzNktydUF4WDNEZ2QyYzIxUlFGRVo4SThUSXprS3dlaHQ1UnlZX0xNSG1GbFVtWkxtWS1LeWFXVVVFZjFXcUZ0VzJLLWZPNzZIQ0hvVlU5Z2RiYzRHZG9idW9CNFFCNmJQTHMtSjRGQXBJWXdfTjhmR0tzd3pvZkZCUVMwSXJDdQ?oc=5
2026-02-08 18:52:31,NVDA,NVIDIA Corporation $NVDA Shares Purchased by NorthCrest Asset Manangement LLC - Defense World,0.6,0.5,Institutional Investment,RSS,https://news.google.com/rss/articles/CBMivgFBVV95cUxQRk9ZOTFWc3lwclRfb0RobENsRS1pczl0VG90ZWVLcFlwWWZJdWFDaXAxV3J4dkRlTDZHQi01TEF4cDMzWnYzY0dZY3pXR0hNeVN2cTBYTE92YVR4QW84Y0dmLVdxSGRBY25WRTVpeHRkMGRoaURHcnNpUlFpMW1jZWhWcWUxSkpSemNVMFF0Ui10MDlKR0dMNGhTZ21UUkcxTjdJelI4bm01RDVmcEp1b2hQUnJITFZtTml2STRn?oc=5
2026-02-08 18:52:31,NVDA,"Nvidia’s (NVDA) Long-Term AI Trajectory Remains Intact, Wolfe Says - Insider Monkey",0.7,0.7,Analyst Report,RSS,https://news.google.com/rss/articles/CBMisgFBVV95cUxPeG96bE9Td1kxSm5GWkFDRjd2QzAxNXBtOGJIOW1hMVNkQUlwcWkwMzVWNlJzdGxQMU1KYndSTkdMX0QwVzBiUm84eEhyWm5aaEZ0NVFZaG5tNTRkeVJLNDJqZXFqMnlqbGJJM19nTUZLeU9pMmN6YkItN1RURm92ZV9EQ05ObVVXZG96M1Q5eWdDczFRTjllQ0N1SldzWV9SbE82aloyUHRTRjR5Sk1yTW9R0gGyAUFVX3lxTE94b3psT1N3WTFKbkZaQUNGN3ZDMDE1cG04Ykg5bWExU2RBSXBxaTAzNVY2UnN0bFAxTUpid1JOR0xfRDBXMGJSbzh4SHJablpoRnQ1UVlobm01NGR5Uks0MmplcWoyeWpsYkkzX2dNRkt5T2kyY3piQi03VFRGb3ZlX0RDTk5tVVdkb3ozVDl5Z0NzMVFOOWVDQ3VKV3NZX1JsTzZqWjJQdFNGNHlKTXJNb1E?oc=5
2026-02-08 18:52:31,NVDA,Nvidia (NVDA): New Buy Recommendation for This Technology Giant - The Globe and Mail,0.9,0.8,Analyst Rating,RSS,https://news.google.com/rss/articles/CBMi2wFBVV95cUxPNl82cnE4bjlnU21oaUZvYzZKS21yZ3RKRUpwdVdlT3dUcWpfLVJDTndUelR0dlU3UlBSa1NYV2hMNEpFblNHUndENEJpdEZzQVFYbEhTd3ZZMU13YlVEc2dkZXU5VElVQkttY3MxcnNNdTF2SHFGTTRjUWZBNG9ROWpMcm1ZU3hTdDBIbnd4NmpRODZFeGpXYWoxSlVRZVhUVVdjZ1lQY2huZFQ5dEkyVExpTWF4WTYzOVg5bUE0cnRDdGFSTnpNNGY5Z1lnY2FLWWV2aGV5TnVNdzQ?oc=5
2026-02-08 18:48:59,T,AT&T Pebble Beach Pro-Am - Final Rd (Cont) - usanetwork.com,0.0,0.1,Marketing Event,RSS,https://news.google.com/rss/articles/CBMiiwFBVV95cUxPMW5pbFhDeDdnX0VJQmR6WXhHbVpYMkRpdnVxZ2JUd0ZoQnFMUGlTUXo3X2Y5SndINGpQWVd1SEl1OUR5NTJxdWs3Xy1vdnVFV2lBYkhDTVJCaXhSZFhDekNHaDJ1WmVYSV8zT0J5M1lwQjA1SkFNbWMzaXZpVy1UcXZHdUdQa0lIcjZJ?oc=5
2026-02-08 18:48:59,T,AT&T stock heads into Monday after $6.5 billion bond sale and new kid-focused phone launch - TechStock²,0.5,0.7,Corporate Development,RSS,https://news.google.com/rss/articles/CBMirgFBVV95cUxPUGJ6VmlPcllKLUR0dDJzNHBxV3hXdGQyMDhIUzY4dWdmLWREQlNJQlVZSXpTUklJbEo1UzI1ajNBdm1IM2hiYWx6MV9OdGRvdjFJcWtiTEE4NWFkS185cktNSGo1eHNXUS1jN1R4cm84b0djUkM1VUdNSUg2VURLZFFRd1hCbldRVU1QWUJCeEhVWE5qRnY0bE5zeGFTMl9aSkRLeEJqcG5FQnNXcXc?oc=5
2026-02-08 18:48:59,T,AT&T launches a Samsung-built smartphone for kids under 12 for $2.99 per month - MSN,0.1,0.4,Product Launch/Business Development,RSS,https://news.google.com/rss/articles/CBMiywFBVV95cUxQTklCRG9Pd0xaMXo4TzVoX1JTYjFIS3FyWXBXSUZaeko3SFpEVGczNVRLdU4tRGhkUGVvMENaUE5vTlpLMnVwVjFDUTFQSWxoV19nQmQxM1VNOHRtUWc0bk5uS09QNVlsZnFfZDN1Y2VUTXZ0TVQ0aHYzYWV1ZHFxdXg2XzB2MmdmUDlKeDlJMXlaVmxYckh6S0FnVVROcFpXQ2VPTlI1QU9FU2FWTnU2RTg1a1RJa1c5eFlwclhHeHFMZVBJTEFQQ2txSQ?oc=5
2026-02-08 18:48:59,T,AT&T Plans to Return $45 Billion Post-Dividend Cut - intellectia.ai,0.5,0.7,Corporate Finance/Capital Allocation,RSS,https://news.google.com/rss/articles/CBMiiAFBVV95cUxQWWZ2X3VBX01ZaDZmZmdaZ1paZ0l6Q3JGRjhPQXBBSzN2QV9sX1dJbVprMFoxbzlRd0tEYUFsbVpSZFdsWVd2TDhaNjFtYl9CMWIteHpRY3dfVW1JdzQ2MzVIZDhFTW5pbmtELTE3U2NFYUxnclRsSFE0eTNiVEZFamU2NDNodFF2?oc=5
2026-02-08 18:48:59,T,"Moloney Securities Asset Management LLC Sells 37,206 Shares of AT&T Inc. $T - MarketBeat",-0.3,0.2,Institutional Trading,RSS,https://news.google.com/rss/articles/CBMizAFBVV95cUxQeVNKR2ZYWk55MGpJRzdyaWpCSEVIWkhBNXFrekw3MUxDOGwtaTdmMmdmNnY1ZkczQXBDLVo4VDQ2VS03eVExd05JTFFjMTNraGd0NlJjV2pZaVRNWHpGTnN6dy1xaFh5SUFzSUVsSnZKb0JibTdxcHl3cVdCeFlVMmpCRmhsOFY5bmR3UlRubVdNYWVrWV95aHZ1SG5iNmJaWHlkTUpzSm92WmZ2MjRXN19UcVNSYzRMaEJyVUlHd3ZZUHBvQXI2VmxWSlU?oc=5
2026-02-08 18:48:52,ABNB,Wedbush Lowers Airbnb (NASDAQ:ABNB) Price Target to $130.00 - Defense World,-0.5,0.7,Analyst Report/Rating Downgrade,RSS,https://news.google.com/rss/articles/CBMiogFBVV95cUxPNWpFT3JFMDhuRWFtYUozSml4NWRQOWxYZ29fUUY2bURmOThhbnRhSzlzWkRqUFNnRHRFeEQ0RkthUXpuRmY0a004QTh5X3hqV19mOENZZUs1RnBRUE1HY1g0TF8zN3N4dXAyWE41S2NUb3JCOFlaZ1JLNFk0OWFpendHTnU2cWRiZkh4RXp4WndiUnAxRUNnZGVQYkdINDdLX0E?oc=5
2026-02-08 18:48:52,ABNB,Financial Comparison: Aureus Greenway (NASDAQ:AGH) versus Airbnb (NASDAQ:ABNB) - Defense World,0.0,0.0,Financial Analysis/Comparison,RSS,https://news.google.com/rss/articles/CBMitwFBVV95cUxNZzU5cU1KUE04eDlfQUU4dHY2SlhpNE9ENmRmeW0xclBHUlJkV0NHc05hQVptV1k4UXQwa3ozSkh3RUVRNGpST183dVJJbzljNHhmc1RPY1NRQ3ZyQ0E2WmUyYUVfY3R1ZEZMSkdpb25NVENQLWliRkwtMERWQk5MaDZVRWM5TTRzLTVWNkxfQjdOeHdaYW5NdTlKWjJXZVBvOS1EaHNWOXRha2Q3eTh6REhna0dKZWM?oc=5
2026-02-08 18:48:52,ABNB,"Envestnet Asset Management Inc. Sells 107,231 Shares of Airbnb, Inc. $ABNB - MarketBeat",-0.5,0.7,Institutional Activity/Selling,RSS,https://news.google.com/rss/articles/CBMiygFBVV95cUxQS1pRd2p6M0hyZmNpSnVHMXNvVXBMenBudnBqLWxHLWRwNHpIV1ZraVNocnB4bGpfTlBxU1Vuc1RNVXpqT3p4Z19JVERMWU9iNjNmRTcxYng3ckJMU0lhVW8teHMxRGROTnJfWTY2YlNLa2dIOVhtWVhvZ19GYU9wd1dkX2RXRUJUT1BpWUsyRDVqZ0RaM19xUkl3NnktYVBqWGRIRTV5OE12ejNqRWR0UjNYLVVUZmpjTWEzczBHeTFWY2x4Qll6MVlB?oc=5
2026-02-08 18:48:52,AMAT,"Earnings week ahead: F, KO, CSCO, SHOP, MCD, BP, AMAT, COIN, MRNA, ROKU, and more (NYSE:F) - Seeking Alpha",0.0,0.1,Calendar/Earnings Announcement,RSS,https://news.google.com/rss/articles/CBMiqwFBVV95cUxPNzMtd2daMjVETTc5XzZXZWNSRXhSbERaR0FkZXdXendZSUFDV1gwX0VjTFBvaEUwVFBEb1pjQ25SYktrQ0tsazNvNk5BcVkwc01xWjJLMVZ5RWpybkR5b2kyYkRUR0ZtellkYlFDanlyQ1QxOU81ZjRtUDVrX1pubUlrQTE4RjBDX3ZtQV8zUnlhRm8zT0RROERXOEp5c21MT25XMWxXbTVtWms?oc=5
2026-02-08 18:48:51,AMD,A Look At Advanced Micro Devices (AMD) Valuation After Record Earnings And A 17% Post Results Selloff - simplywall.st,-0.5,0.9,Earnings / Stock Movement,RSS,https://news.google.com/rss/articles/CBMi3gFBVV95cUxOY0lZZjNwVVVLbHhIVlJDNnBHTEVPMEJpaWhleEd5a1Q2aGhqUG94a3BUTU5EM1hjY2hXX0V3YlhNQjJqQVR3cXdGTXJEY0duVDduaW1NVWYxdnNyVDNDZmdsSDk5TVpnLUR6SmFwSWdtSTdUNUJmM2o5Q3dfNkdXZE13cFF5LVNVNGl1Y05Tc1RpOGgxMTdOWUdjWGdVWlBvRkJUcDdPZnlsa19jODI3ckMyMUpuVTRhVTFtVW10ZWhLZTJVVUpQc2VocEdLTlM2VmhiMlVlZl9RQ1pqckE?oc=5
2026-02-08 18:48:51,AMD,Jim Cramer Discusses Key Factor For Advanced Micro Devices (AMD) - Yahoo Finance,0.0,0.1,News/Discussion,RSS,https://news.google.com/rss/articles/CBMigwFBVV95cUxPU2l3RjE4dEJLc3FyX0lXRTBMUGxjN0pHN3JlWEFwNlpyNWliV2x1VElaaXM3dEJZUTNyTTFUN0NTUmNtOVJQTWJVLV9UZkE3cnVtMEEzLXZzamxVNzRlNmJaQ1Y5Z1dNNVNDNXozVHEydzI4blExd1ltaGZRNTd4Q0JJUQ?oc=5
2026-02-08 18:48:51,AMD,"Baird Highlights AI GPU and Server Strength at Advanced Micro Devices, Inc (AMD) - Yahoo Finance",0.5,0.4,Analyst Report/Positive News,RSS,https://news.google.com/rss/articles/CBMiggFBVV95cUxQOGZidHpJbHdqVTRiTXdQUElyWURQdWtadUN1SW9sbUg2NTV1c3pVRVB1LWo1QjNKbF9wYmR0d0o4T2FlU3RvMFRNSUNaSVNleFItVTEtSUgxY2czX2lKRkdYVEN2Ul85dWFyakJJZ0s4djJqZHdJbEdIWm41V1RVLUlB?oc=5
2026-02-08 18:48:51,AMD,Should You Buy AMD Stock After Its Steep Sell-Off? - AOL.com,-0.1,0.1,Investment Advice/Analysis,RSS,https://news.google.com/rss/articles/CBMid0FVX3lxTE1TYUNFM3p1STNqNUs0SW5lWEVvQ09QaHdKTGx3aFFWSHV2N0hpTk1Fa3NVQVNGcm1fUjlTd2hSckdqeHg0TXBhNE5MVUxuU25UMWk3c3BQQzdiYVN3aXNDUHNQZWVLMmRkeGFYdGlHc2VJaEd6MzZj?oc=5
2026-02-08 18:48:51,AMD,AMD Shares Slide Despite Strong Growth. Is It Time to Buy the Stock on the Dip? - The Motley Fool,-0.1,0.4,Investment Advice/Analysis,RSS,https://news.google.com/rss/articles/CBMilwFBVV95cUxPWWRWSi1sMTRKcGZadVBlcENwSGFfS1dVS0JzcXhxXzhsT0pENFZJcldtSXFyM1ZaMTdxaXB3MmxmaWZocGQyY0VaVkUtdk1IVHN2TS1obmplTXMzbmZIRWtMRE5jTGR0UDYxVDd1ZERJbGxsWkszQS02VFRVLTYyeHRYbUJoQjhoRjhUZC1nTHJkM01SVEhR?oc=5
2026-02-08 18:48:45,APO,Should Apollo’s Projected Surge in Fee and Spread Earnings Require Action From Apollo Global (APO) Investors? - simplywall.st,0.7,0.8,Earnings Forecast,RSS,https://news.google.com/rss/articles/CBMi6gFBVV95cUxQek16Tzk2dERrYkwxcW8zbEtlQ2NzY2w5ZVlFa2tTSVhaRVRId0VCaEFOSW02Uzcza2NmOVpNbmRNSlhiWEJSVFItR19BOXhFTEJRNU9fZk1PTkdVeml0cGdXRTBBUUdWTjNNUTFNUGxONnJqd1V5R21TUFQ3bXF3OVlsdXNRc1hjdkQ1d25SU3lqUlFEUVN4dTNrT0hIelVOYktIa0NscEV5d0ZKVzM0ZmlaOHotMlZkSUtHWlF1eV95NWkxQXJqRXFkVDVxb0xWVW44ME14a3Rqdm93VVFLOUs5eWVUWXhNMmc?oc=5
2026-02-08 18:48:39,AMAT,"Earnings week ahead: F, KO, CSCO, SHOP, MCD, BP, AMAT, COIN, MRNA, ROKU, and more (NYSE:F) - Seeking Alpha",0.0,0.3,Earnings Anticipation,RSS,https://news.google.com/rss/articles/CBMiqwFBVV95cUxPNzMtd2daMjVETTc5XzZXZWNSRXhSbERaR0FkZXdXendZSUFDV1gwX0VjTFBvaEUwVFBEb1pjQ25SYktrQ0tsazNvNk5BcVkwc01xWjJLMVZ5RWpybkR5b2kyYkRUR0ZtellkYlFDanlyQ1QxOU81ZjRtUDVrX1pubUlrQTE4RjBDX3ZtQV8zUnlhRm8zT0RROERXOEp5c21MT25XMWxXbTVtWms?oc=5
2026-02-08 18:48:30,AAPL,"Meritage Portfolio Management Sells 73,676 Shares of Apple Inc. $AAPL - MarketBeat",-0.4,0.3,Institutional Holdings,RSS,https://news.google.com/rss/articles/CBMixgFBVV95cUxQQnJLTGplVktUemJCdGlBQ0ptYm0yVGRlS3I4OUNBOHMtS2FBYWF6cFRXYUZsTXlSYnJ0OXZXcVQzSHh0ajAxN1RlblhuWEUydnM4OV9qekxib1lNeVJPNnZpTXhwR1lkSTc4aUVCWnBMeFdfXy1iODlNX2NiYzZ2NVVOSFMyQkJINWtRTm53b0lxUy1ObzlYbkZacnVoc3lINV9qOWNYUl9ya2c2QlB2NmRDTUR4ckxpZ0U0d3dxYV9pVl82OVE?oc=5
2026-02-08 18:48:30,AAPL,Lazari Capital Management Inc. Has $40.59 Million Stake in Apple Inc. $AAPL - MarketBeat,0.1,0.1,Institutional Holdings,RSS,https://news.google.com/rss/articles/CBMiywFBVV95cUxPNFk2RG5QdDQxd2RkNjcxNG1vUHlXbWd1dm5JSzQ3dndmcGZuLTlEYm9FTlVXSnFORzB0OVZvbHl3cEhKeVBfUlZ0VHZzWHNTdDU0YzVhMEs5b3FKeEtoMFNLc0NFaW10ZTdULU04d2gwZS10dDM0NV9oLWNCUzJYcWlBOF9ocmJVLUdKNGhzS1BQd096ODZLZFMzSzhnQVpfSlMxZHB2dHliam1uVGJWYkc4eFBBQ1lNZWpuQVFKeVRPSGxoYnRMYVp1Yw?oc=5
2026-02-08 18:48:30,AAPL,"Octavia Wealth Advisors LLC Acquires 5,673 Shares of Apple Inc. $AAPL - MarketBeat",0.3,0.2,Institutional Holdings,RSS,https://news.google.com/rss/articles/CBMixgFBVV95cUxQdmt5S2VyVjVWdWVBbEVZMHF6UFhsNEgtQk5rdEVWYl82NldfcVJlXzhUM2ctY2U1dXBkV3hhZ0tVenp5Q3NDTDU0QkdYMDVsUEQtZG14V01qNm5nZC11RjBGT3FwSUVJR1pNNzMzakJLMEJoZWctNXpqWmRDVDg2Y2ptNWVJd3RLejl6WmFneHZqUE1YWGdqcjBqM1JGVE1Jc0xPenhFaEkxMkVpTzNjdzVRUjhuZWJrY1pLak40THhWMm53YkE?oc=5
2026-02-08 18:48:30,AAPL,"BCS Private Wealth Management Inc. Acquires 3,053 Shares of Apple Inc. $AAPL - MarketBeat",0.3,0.2,Institutional Holdings,RSS,https://news.google.com/rss/articles/CBMizgFBVV95cUxNT2dEYnNsdElGNDJZODY0cERBX2xCc0JhWTZWSm9YY3JTVE81QmFocGFqLVpycE1qRGVSTlNUd3I1SWJpV3hhZm9iWnN1V2ljcy04YTQ0eWpPelFFYnlvaE5IcEJndjM3emhwMTlDbEljcDk4WUNNLW9WLXhIZnRTT0poT2dWMlRCX05oTFdDTjNXbllwX0xtbEdPaFd5MHd6cVBnYU40eTVuVVVweldSUmI4TzA5U2VaNXhmUWhWTWY1MXd5OUZOVHZJQ09OZw?oc=5
2026-02-08 18:48:30,AAPL,"Hartford Financial Management Inc. Acquires 2,601 Shares of Apple Inc. $AAPL - MarketBeat",0.3,0.2,Institutional Holdings,RSS,https://news.google.com/rss/articles/CBMizgFBVV95cUxNSzNfYml6M3QyQnpQZ0pXNmxwOGt5LWNlc2F2WllYaHJxcnlCb1J0aFRYZk5PREF5UFJGb0lMSXZyN0N0ZmJRbXFQQlV3ZkFlek5EaEN3Z0JkVXJ3OHhoWnhKVFNfclZZQjd5NU5sSlk2LTRKZjd0VHRxTEtxOE1SSFQzOXk1a2d6Z2tGV2xycWdMLVVkd0FkT3dYcllGOVZoNTNJVExZQnVQNjZKd21LWEoybkRPb2s1UXJtY0FvakpNazhWVzRna25EN0haZw?oc=5
2026-02-08 18:48:24,AMD,"Microsoft Weekly: Another stock Windows app bites the dust, AMD teases new Xbox, and more - Neowin",0.4,0.6,Product Development,RSS,https://news.google.com/rss/articles/CBMitgFBVV95cUxOWi1DVkhiX1FxelJpZVZhOFpmek9aLU50N0d3cEE5Z1UzeEFCYjF0S09KcXJsTkdzWnYxdkdhcXBRQXhuemh5YWhfOUFsWUt4MVpxalRGblByREhrdUh3Nm5QSUt0d1pLWjRjY1FZYXZObXd3S1EtMGMyM3dRRDM4UW42NUJYb1VVT05DQ0tLOWdHTDJwanVXMVdCU0E2QmZnMGF4eE5PdG9Wa19BTk8wVmFXRkZ4UQ?oc=5
2026-02-08 18:48:24,APP,AppLovin stock price after Friday jump: what APP investors watch before Feb. 11 earnings - TechStock²,0.3,0.5,Stock Movement,RSS,https://news.google.com/rss/articles/CBMiqwFBVV95cUxQTndHSlpSQW4xOWVwWm5yMzR2TlBRWndOcHkxNkJ0VDFpUXhGcDNpSDJ5V1hsV3BYdDZVbFRRdWgtN3N2ZzFnb2ZTZnZ4VnVCV1llRWFKbFRWY2UzNDV2LTVUN0plWWZ1OTBTb2tOVmlTaGxfdUc5WVIzUGlCbktsYXhXQkU0OHJKdWJWS3JZeDR6Q1p1bjFoR3F0aUxGS0JVX1F1LWEwTVEwRzA?oc=5
2026-02-08 18:41:35,T,"AT&T Launches Its Own Kid Phone in Collaboration With Samsung, the AmiGo Jr. - CNET",0.7,0.6,Product Launch,RSS,https://news.google.com/rss/articles/CBMib0FVX3lxTE5mUVhwR01oYjVIVV9fNm5wN3NMaEZKUG56UkhiVGdHdjdjdFZURnJRdUZTeXFjUV9BSVVyc2Fnc245N1p3cVdoY09HQV9mbnpTN1E1UlcxTDktLVRwSWhrVHIyMWl2TVZKNG1va2xOQQ?oc=5
2026-02-08 18:41:35,T,NBA announces participants for 2026 AT&T Slam Dunk Contest - NBA,0.5,0.3,Sponsorship/Marketing,RSS,https://news.google.com/rss/articles/CBMiW0FVX3lxTE81NWdwUmluRk9PX1BtY3ZHREhtWXV1eGNDaWtvUkxkMDJLbUxjSnlRSV8yNERqVEgxbFRXR1ROR2FsR1RldE5NUE9tSXJmNGoyVE9ES0xQUGk3QUU?oc=5
2026-02-08 18:41:35,T,"AT&T data breach settlement claim form: Where to get it, deadline to file - AOL.com",-0.6,0.5,Legal/Settlement/Data Breach Follow-up,RSS,https://news.google.com/rss/articles/CBMif0FVX3lxTE9FUXpIbXFlMm5DN05KdVc3YVVLVzRXcVA2SFMxd1ZQQWFzSXo1Z0xFVjI1aXI1bE91WHVPTkhfUV9hOWRsZ0t5WTdPSEt2bTNRVkRNaHJfOXZVNlFNMTlqYk1KNUFwSFNyejlKWmRfdXZYMjdmM3dnT1oxZC01cG8?oc=5
2026-02-08 18:41:35,T,AT&T closes billion-dollar acquisition to win back customers - MSN,0.9,0.9,Acquisition/Strategic Growth,RSS,https://news.google.com/rss/articles/CBMi5AFBVV95cUxPTUFnc1dTSHVFaGRtRjdZaGMwbGxobHJkUXBCRXEzemcwd2JaUWV0c2RaUTJMNGRPUTdrRm1pUGlxaFZTTDRqcGlEUUh2TTFOblgyTUE2VnZOdllBdXBtNS05aHlWRWhPUTgtRTQ1NktxSUdRaERUWTM1TGhWQ2h5SHJZVTB6MEhqQlR2Tl9IVS1Jcnl6Q2p0OTVBWWVKY0N1b3haWkhORjR5ZERkTUtVdHNsRmVxdEpvbEZHVDk2XzlhNTJVOHhCT1c5bG9QMUxUSTR6QWlHb3pJT2o5TFN1aUZaR2o?oc=5
2026-02-08 18:41:35,T,$177M AT&T Data Breach Settlement Payout Deadline Nears - AOL.com,-0.8,0.8,Legal/Settlement/Data Breach,RSS,https://news.google.com/rss/articles/CBMiekFVX3lxTE9hZ3J6QzhXUWFISVZCa2VuUWo0cHpyVW84UDhLZXVKYUV0NExxWF84akM5ZmxOcjVSY2JmTlFSa0tocjNKU25LTERmc29jTFFQQVFwZmFsaUEtX0VUem9JZWFBSmlxNzBlUUhURHpTcGlhU2dQNWFQYkNR?oc=5
2026-02-08 18:41:31,AIG,"Savant Capital LLC Trims Stock Holdings in American International Group, Inc. $AIG - MarketBeat",-0.6,0.4,Institutional Trading Activity,RSS,https://news.google.com/rss/articles/CBMi1wFBVV95cUxOTnVrQ3dmbnB5Sk5fakNZWDRobHRrcHYtSlBMUUY4dnVzT2ozWWk3eXB6NDhYMnlpaU5QQnJmcHZxRzlqXzBEckVwRTJLbHp6TWJ6TkYzOGxIYkRBVi0zZHU3MTRKeWV3c21HS2tBeGFucFRtZEdaaFoyNGFiQ0JndnA0eXBSVkI1VGlJR0dOR1BUTTk4Wmc1S2xNOFlLaGFHUF9lQWJOaWM1S3BGR1NNUVE5Y1dwMWFrVG9TclRDRkNaaGlLUW9fR3hscGZYQU9UbzVjcGhIUQ?oc=5
2026-02-08 18:41:31,AIG,"Diamond Hill Capital Management Inc. Increases Stake in American International Group, Inc. $AIG - MarketBeat",0.7,0.4,Institutional Trading Activity,RSS,https://news.google.com/rss/articles/CBMi5wFBVV95cUxNS011TU1qVlhKSVU3NnFTelpVUnh4WFZDUVVxVGhLWXNGVHBvVGxrdWdxMndxb1V6NHFBdHp5amxDTTdRaVFzVlM0UWZLcmxSSTJQSlJNdGtWT0RnQi1XdUVrSUFjQnA4UnR2dGE3S0xwU25JQVpSYk5tV25DME0wWHlkSUhGS0ZKdVQtSkV5UkljZFBuSVJsWFcyMVM5cmtSZGptRzAzZmREQ2prVVVtNEs2X3N6d3hfVFhnbm01eEhQWW9BTk5qMW40blJTVlRvVDF6Z2ZUc2l2Sk82T0Vnb255dzZ6MVk?oc=5
2026-02-08 18:41:31,AIG,"American International Group, Inc. $AIG Shares Sold by Envestnet Asset Management Inc. - MarketBeat",-0.7,0.4,Institutional Trading Activity,RSS,https://news.google.com/rss/articles/CBMi2wFBVV95cUxPTVc1MTZINUp2UWdBNU1PLVR6dlVJWGNyaVk3eDRmVlVEM1hyendDb1E4WlJUQXNmeWZsS2R0dWRmMDJkc2MzQXJ2dDdLWnpRcGJHdlNHamZpc3dMVmtQN0RWOXE2VEthVGk4ak5abXZBVHhReXpoVW9rNWtnR3Z6eHUzeGg5QXZwaWVwdWxtOENJbjB1bnRqeGVVT0tRVWJyZnR4WTVOZlJKX1BMV1hBQ1lkcXhNMG4wbUozeExpNENqSnF4YlY2NWJJelVWN19BZlpSdXZDWEJ6VVU?oc=5
2026-02-08 18:37:11,MO,"Alps Advisors Inc. Sells 36,230 Shares of Altria Group, Inc. $MO - MarketBeat",-0.6,0.5,Institutional Activity,RSS,https://news.google.com/rss/articles/CBMivAFBVV95cUxOanREV29mNEpBX0ZYZjgxV3AyVHBKdEZ6WTN0ZmFValVFdWhOQnpqQnMyR0RRTEcxVnpKMm0taHpvR0N6UTZQME5VNHJiU21Wa3djUmkyY1hfZ1Z6eDY4YXItZVB1MTA0czFnWlJ1aU1qaFFzMWF4dkdwRFBNN0tSUG11WDJGcUVhMk1wWmhjQTdWUmt5UTFMLWYzbjBTNnBncGRHMXFvVjhfVjFVUmlYRWVvSy1xYkVXam5wWg?oc=5
2026-02-08 18:37:08,ALGN,Align Technology (NASDAQ:ALGN) Price Target Raised to $200.00 - Defense World,0.7,0.6,Analyst Rating,RSS,https://news.google.com/rss/articles/CBMipAFBVV95cUxNeFpDanFNdnItNEVGaXZaSnY0a0FwNC1OSkVZZ1BRMTZRSlI5a0prS19IWWF1dG9HYTRrTHptR05fMjctMzMzZ2U5Q1hGOXNKOVUxTTBSdFlQR3hHRWRfR25kVGJlQWdtd3FtcFBVZHhuVng5bzFqSTF2RkREOU1NVl9lbmJ5eWhkTTFaNW1MZWFOSXpkNjNqV2VYYWhrNW5YMUZpUg?oc=5
2026-02-08 18:37:08,ALGN,Align Technology (NASDAQ:ALGN) Price Target Raised to $225.00 - Defense World,0.7,0.6,Analyst Rating,RSS,https://news.google.com/rss/articles/CBMipAFBVV95cUxOMFo0SlJPczRxbERTT2tkQkM4cHhHeWJyNE5VZldYM240X1ZmYXpqTnQ1MEhGeUh1UG9YNm9SSkJUamRzQU1IWTM3ZjBlUUlrLXRJOFNPcGI0LVBubWtxcHNxWVdyV3RXNzJuWWFqeGVHMGRiaWliZzNRMHZxWTNqbzhPdGl6ZkM3LUJuWHAwcEtJZWJsUmdTeTBYaEMyYjYxa2hiaw?oc=5
2026-02-08 18:37:08,ALGN,Align Technology (NASDAQ:ALGN) Price Target Raised to $215.00 - Defense World,0.7,0.6,Analyst Rating,RSS,https://news.google.com/rss/articles/CBMipAFBVV95cUxNRTFabmFJemJab2F0bktzbTl6a1FaMFVWdFU1RHZJUTVxWF9rRTlONmVoY1M4VXk3b1V0elpjRGFVMFpkUGV2WnBrMXpPM0htNC1XMFpCTW5uNnplMkRJSjBLakFGVk9uaXkxN1dfOGQtU3RDOHlzMnpNUGdnRWgwdXItSGJ3bUE0UlUtU0g4TFRndE5lWVJ5a2VWck9rZWpkcWl0Sw?oc=5
2026-02-08 18:37:08,ALGN,Align Technology (NASDAQ:ALGN) Price Target Raised to $169.00 - Defense World,0.7,0.6,Analyst Rating,RSS,https://news.google.com/rss/articles/CBMipAFBVV95cUxQUk15R2NMX2pXSGJiMzR2SUF6dkFKQ3JQY1VBSEVIUzNiSTJaRmtxM0o5a2QtTjlhYnZaQnpiMVBkcll4eHlJQWF0OUVXeV9WUlJqdmlDUFN2b2NOdUZaTGZ5RGhwMnY5OFdKUkh2azFtNWxUaUE4eWotZFpDblg2bkdicWJWaHVzZjZXTmkyN3lpc3d1NTAwck14VjhXbEw2U201bA?oc=5
2026-02-08 18:37:05,A,Cintas (NASDAQ:CTAS) Could Be A Buy For Its Upcoming Dividend - Yahoo Finance,0.0,0.0,Irrelevant News,RSS,https://news.google.com/rss/articles/CBMif0FVX3lxTE9IN3J1aVRtVzZOTjk1TG9YeDJISkpnenJUUVA1R2Z6UDJRS2lZM0NHQ3FFOWdXQ2FNeko5RHpMcUdxcDhXUEZndGZYV1VVV0cxT01rZkJqLXZKVnNwTUlVemxqb2FZSTFLbGt0cENhYnFuX1Z1WGhJVWZtWU0zS1E?oc=5
2026-02-08 18:37:01,AAPL,Apple Inc. $AAPL Position Trimmed by Conning Inc. - MarketBeat,-0.3,0.4,Investment/Fund Activity,RSS,https://news.google.com/rss/articles/CBMiqwFBVV95cUxQdkJZWkUza3B3VEpPd3laYWhIc2p5V2VoN1ZyUk5taGJpSzFsOWM0OFBDQXExSGhWdXJRdHZLUjdNZVRtLWFhNFROakNmU0xBTi10X0xpSFBudkRWN3dMbDRxXzRuNjZ6Mmt1Z0VuaHEyb092TjJETzEtVWdTSzJtR3ZETmp2VzBVU2R6cVNTSVJ5UVR6cHBQOHVPVE9zWjlCWjl0M0VHVHl6LVU?oc=5
2026-02-08 18:37:01,AAPL,UBS Maintains Neutral View as Apple (AAPL) App Store Trends Stay Solid - Insider Monkey,0.2,0.4,Analyst Report,RSS,https://news.google.com/rss/articles/CBMisgFBVV95cUxPZ2hwcjIyQW8yS1B3WkhjQW4yNzdKN3g4VXVLY3ltY2RFb2xkcTliQTEzQm5NZGF0WTZtUUhpMkRlcTdXelZLWjBUSmJheVloRTdpWkpibUdTVHI4YXlHbDRCeVFobi1HTDJuNkpkTS05ZTEyUTJLaHJLUGR2N1hwemNkTTRoUVIza2pnQXdfVExza1dJTGN0T3IyeE5qR0VBbGlnUWNfN3hMc25SZnJmcjln0gG6AUFVX3lxTE9lallqemVkLVpkUk91aWp6TDA5M29GWE9TSi1GUjlmY3p5TlRtWnBYS3NDT3dGc1dRR2ozN2VvbkIyYjFzdDc0d3pTZjBXMUgwc0lXeWtBdEVYdnBRRkljekdvdk1vT21rRzUwMnY0RExkWUhwTWNNQUV3THZMVl9Wd0hjSHVVdXZwZTU1MnJqbjhnMkRMTWwwWWsyOFg5MUR4ajEtNko2cl8xNTQ2a3A5VXhZakxwa0VRUQ?oc=5
2026-02-08 18:37:01,AAPL,UBS Maintains Neutral View as Apple (AAPL) App Store Trends Stay Solid - Yahoo Finance,0.2,0.4,Analyst Report,RSS,https://news.google.com/rss/articles/CBMihAFBVV95cUxPMGt5cUtFbjc4a3BKNFJnd08xV0Nud3Q0b28tSHV4SUtwalYxdWJPTjZIdkhmYzdXVTZiM1U5WHhVYzZ5LTNxOFlmeS1TQTY5c3NNNGMyTU9KbzR5TjVYVU9VMmdnNnVSc01Dby1jT0h4cTNzTVJZLVhzN1VMcFpVODdvS1o?oc=5
2026-02-08 18:37:01,AAPL,"Apple (AAPL) Sees Record iPhone Sales in China, Thanks to 'Hermès Orange' - GuruFocus",0.9,0.9,Product/Sales,RSS,https://news.google.com/rss/articles/CBMiqgFBVV95cUxOTTQzT3VHNnA5NTN3WExiRkh1MDg3SmR2b2djSGVtckY3UG5mbUVJbTljbS0xNVNhTU9zZzloeDRkRWhIT0NZS1hieFRSdUxCMlVGaE56eGw1Z1REOXpyajh2ZkJ1eE5zUFpvajRyYTVla0Y2WjJmS1FEVFc1QkRHMDFaLW1xX2QyYWxZbUZpLTdmNXpwX3NwLW5UVUVmczJrbVRmbURzSllZZw?oc=5
2026-02-08 18:37:01,AAPL,Apple Inc. $AAPL Shares Sold by Prossimo Advisors LLC - MarketBeat,-0.6,0.5,Institutional Activity,RSS,https://news.google.com/rss/articles/CBMisgFBVV95cUxORHd5ZlEyNEZrbW9qQWE5X1k3Y0w5eW9NQkh4TWgzcUc5a2IxWHlIX2JHVlA5UUFxbmN6Qnc2SG5hS1BWY1FNUDRrSFVmT3gxY0hjQkdxNDVib1EzWFpTSDdMRUM2T1FDSFdfeUJWSUlpcW9tNVFOVmxYMkwwNVVSWjc0Y0Vyc1R0akVNdUVGNTZoTTUzVC1JR0RMajJORUtLV1B3TDYweUVOSzNqcTJBUTRB?oc=5
2026-02-08 18:36:57,AMT,"J.W. Cole Advisors Inc. Sells 5,997 Shares of American Tower Corporation $AMT - MarketBeat",-0.4,0.5,Investment/Fund Activity,RSS,https://news.google.com/rss/articles/CBMizgFBVV95cUxQNmVhVDV6Z1NLNVhZQVh2a2hiUDVIVU8tRUNmT1EybERaWmhEM2JaZHV5UGM2b3lyMnhULVVrOGlVMTVKV2VYY193bW5pUWMycjkzeVZMbFQ2MUY2a3ppVURzQnFmenhGdFZ6RF9Ob3RUQUQ2bzNPWHVoVUVHVzlrY3J0ZlhJWjBKR0FpTk93a2lIV3FoYndVNFdHTjdqY19QYThwMHNzUDEzZnZOam8zd2kzc1dSUmp4XzF2c0UzZlZjamJERjdiX2pJZHZqdw?oc=5
2026-02-08 18:36:57,AMT,"India’s cheapest 7-seater car: Price starts at just Rs 5.7 lakh, 20 km/l mileage, comfortable cabin, AMT options, 625 litres boot space and more - MSN",0.0,0.0,Irrelevant News,RSS,https://news.google.com/rss/articles/CBMilAJBVV95cUxNeU1QMlZEaldtRHBIR1pjUmFjTldseFpsTHVBVTJleTdLVDE4SUk4NFQ0Y1NiMGM4b1N0eU9PYlFTM29Yb2pPNFBET21yU2RyOXY5aDVqQXBHQUZfX3Z3TU1sME9SX1k2YnVRRHRWVW5EZFZaNVUzbmhkV1IxaVNLaElTRl9WQ2d2aVQ5ellnYlJFM29kYjhlSVZRVEJ1T19zRkdQSFJRR1c2YzZFY2F6b2lRMFFwX0tIRWxxX3J3N3hDTjdpaXZiVUJMVWF6RUl3T0FYM2ZCUzYtN0ptNDZ2enFlRnU4WmdDODgzdm50YzJ0bHNqS21tbGdzeXl5VXBSRk5CcEtETHE5MGxwQVUweVhKOEY?oc=5
2026-02-08 18:36:52,AMD,Here's What UBS and Truist Are Saying About Advanced Micro Devices (AMD) - Finviz,0.0,0.3,Analyst Report,RSS,https://news.google.com/rss/articles/CBMiogFBVV95cUxNZDh2c2I2T0pRRnVqQVc0VDNYdzdVaVhrTTcweWs0Mmt3dEFJLWxQbXIyX3VoNzRQWk9fd3J1bkJpbW14N2Fnbno4dUE4V05jVXJaYmYybm9BR212NUdDbW9uNk5vRGxxQ1BGMF9NRkVwOUJHQVFuNE9mYTlzTkZYdW1hQVh2TlB3TDNrUW5ybVBfZ1VIR3pobkpleHdGbU5ueFE?oc=5
2026-02-08 18:36:52,AMD,AMD plunge leads most chip stocks lower while Silicon Labs rockets on acquisition news - MSN,-0.8,0.9,Stock Performance,RSS,https://news.google.com/rss/articles/CBMi6AFBVV95cUxQNE5wZmI0VHp3R0VjLS1sazBwMjJGTlpiRnFQU3J1X3E3UGUtLWRWclpDWjg2cEUtX29iZWZVdF94WGoySmNOaUpsQnVNX3NDTHFfM2lOVFBMSy1hWGNJSGZseTloVWFrd1Z0UXdmX2tXSlFId25tcUZ3cHBBSlNFMVJfQlprcW5aNzNSclZLMmR6YmloZ28xeFJDRURPam5kX1B4Wm5xRGx6MWlDeXNYZl9xelJnNWxXNUNKcC02OFd2Y01WcGd3Qlc5T25xUG9TdmU3d3dqX0NfZEZ5aEl1Tnc4MVFfQ013?oc=5
2026-02-08 18:36:52,AMD,"Here's How Micron Technology, AMD, and Nvidia Could Help This Magnificent ETF Turn $500 Per Month Into $1 Million - Nasdaq",0.8,0.6,Investment/Fund Activity,RSS,https://news.google.com/rss/articles/CBMiugFBVV95cUxOOE9HdWxBc1g0dnlMcks5UzFxczlYUG5BRkpaWHo3VUJmOHRRendCV0djcWpGQl96R3dNZS1XNE56LWFSWUJONXl6dTNFeWhVbFA5ZXdKMXRMVjJVMEV0aTZRbnd6WkpERWpOQl9EOFlmQTFaM3pjWjhkOF9yYU1QX0ppaWdkcTdWMWluTnVXanU0ems1QjNNT2phSkw1azZIMXMzLUhkcHhuQ3p4NTVzOW5DcndmcHkyOWc?oc=5
2026-02-08 18:36:52,AMD,AMD stock soars after company says its data center revenue will jump 60% over the next 3 to 5 years - AOL.com,0.9,0.9,Earnings/Guidance,RSS,https://news.google.com/rss/articles/CBMie0FVX3lxTE5IOGlKdTgtZjRMLTZJWmMyakN3U29jOHBFRmZWS3hKdTZCVWhGTU5WRVloVlJBSnRVRndBeXJJcGtQWk14X003dnoxZDJFV0Z3NUJVWG5fYUlncGlOTjEyRmdMdWlRQnhCYUVuS0tMZXVyYmtEeVlkWVJQOA?oc=5
2026-02-08 18:36:52,AMD,"AMD stock rebounds 8% after post-earnings slump as payrolls, CPI loom - TechStock²",0.7,0.8,Stock Performance,RSS,https://news.google.com/rss/articles/CBMikgFBVV95cUxPQjRsRVVkZEkzdXdkYVVoQTNNbkJJTkc4N0xpR3c4UkNBVUhoZWJxWG56a2ttT29VZTYxOHFuT0MzT0FaektxVGRLWHBwVnk1Qk81bDZZSDNFcTQtNG1mZlB2RktiNDNySUQzWnhFUkQ3VnAzRENpZEJGWkpOendYRDZITGtwN1BINGlSUVJvUFBBUQ?oc=5
2026-02-08 18:36:50,ABT,"Abbott Laboratories (ABT): Short-Term Headwinds, Strategic Pipeline Strength, and UBS Buy Rating - Insider Monkey",0.7,0.8,Analyst Rating,RSS,https://news.google.com/rss/articles/CBMi2AFBVV95cUxNVlFKRERqamZLU0ZEZFFYVkdYbjVYa3FlTDNTMUhOVmdIOExRRjB2dEpNUVVVMlBpZFJyZDh0OFQ3U3RjVFZxOENIbDRYR3FPc2JWV09SZ2VVbWFuRjNGZ1lzd0V4aFhkSjAzbTRaeTNEM2ZTYkNoTU5EX1ljdVpvQWNuaGxiQV9XSHJfeENtNlhaS1J2NU52Q0xGN2RrVVFhZVlwOHFabUpwbldjdnllUzRrQVJhT2U1ZGZuZXdYNmZWQmVETDBFT2ZTM2V0TXZfX1otMlBBa1LSAdgBQVVfeXFMTVZRSkREampmS1NGRGRRWFZHWG41WGtxZUwzUzFITlZnSDhMUUYwdnRKTVFVVTJQaWRScmQ4dDhUN1N0Y1RWcThDSGw0WEdxT3NiVldPUmdlVW1hbkYzRmdZc3dFeGhYZEowM200WnkzRDNmU2JDaE1ORF9ZY3Vab0FjbmhsYkFfV0hyX3hDbTZYWktSdjVOdkNMRjdka1VRYWVZcDhxWm1KcG5XY3Z5ZVM0a0FSYU9lNWRmbmV3WDZmVkJlREwwRU9mUzNldE12X19aLTJQQWtS?oc=5
2026-02-08 18:36:50,ABT,"Abbott Laboratories (ABT): Short-Term Headwinds, Strategic Pipeline Strength, and UBS Buy Rating - Yahoo! Finance Canada",0.7,0.8,Analyst Rating,RSS,https://news.google.com/rss/articles/CBMiiwFBVV95cUxOMmItbUlSY2dOWHhPN2tGb2lfem53SXF1UEd0WUx0LU9xTFRVTHdPeWlkcHRWMnExOHhNaHhhUnppcnhNcDZ5c0lMR0V4Nm50UWNoTjFULURXWDlPWDZBMEUtNnl6c2VKU3FHdm8tbUNXVWFlQ3RMYnl5Vl84dk4tSHpVbDBGU3BySVJB?oc=5
2026-02-08 18:36:47,ADBE,Adobe Stock (ADBE) Opinions on Recent SaaS Selloff - Quiver Quantitative,-0.3,0.4,Market Analysis,RSS,https://news.google.com/rss/articles/CBMikAFBVV95cUxQXzBsdFllN2tvaTRWMVpreEJFUXEtZ2VXWVBWRXVyTHQ5UUd0YnZNTEhkZnAyT0dsQ1V5dkRVTEx1WThGaVNUZlZqTnRveUVxZTAzWDBtemM5aHpjLWJkMVJrSlJCYnU2V1BaVG5FRF9PQWVVbS0xX082dWNMR2swem5VR3BJcnJkLV9xdTJPRFQ?oc=5
2026-02-08 18:36:47,ADBE,Diamond Hill Capital Management Inc. Has $361.38 Million Stock Holdings in Adobe Inc. $ADBE - MarketBeat,0.1,0.3,Institutional Holdings,RSS,https://news.google.com/rss/articles/CBMi4AFBVV95cUxQQVo0bTR3NVBvWVpJc2djRnMxdVZ1UHY5VjlKTUpjZ2Z3eW5qeHlITlBMTW0ycUNlMzhpdVN4V2IwR1Y1a2NTNk1NZUQ4R0thZUVjeFNPUDJyMW0wb1hkNGFDd1BqcHRvc1dOWHJONFMtejE5bjkwS1JRdzVscU5PQXJEVW5LLWFQVTNsdW9Id1pPZGRfXzJCelo4MGdqNkdoT045aXhlbEtJSTdxV1lXRlVHMlhka1N0TGxXUzlmVDBTMHg1azc3WmdGTmdDMms3U0t4S0p0MFk3SVdUdEtLUA?oc=5
2026-02-08 18:36:47,ADBE,$ADBE stock fell 9% this week. Here's what we see in our data. - Quiver Quantitative,-0.9,0.9,Stock Performance,RSS,https://news.google.com/rss/articles/CBMiowFBVV95cUxNZ05JSTBWc2hMclJNbTZIYTh2bkVoVnZuUnRVUVJGRFFGZVRUMFpkVm5UU1dJSkRBbjRfQW5nYzNZSHdDelZkcDZJWjRPczFGajhJRXpKRnIzYmpMUk50TTlrUGhyT2dyOGJsWm5YeUVqNURNQ3ZoUmVqMzdNNFZQaEpjdlF5cGtpWW44RUxwWkRZNFBqYURlLUhzOFlDYTJlUzlv?oc=5
2026-02-08 18:36:47,ADBE,Adobe Inc. $ADBE Shares Sold by Prime Capital Investment Advisors LLC - MarketBeat,-0.5,0.5,Institutional Holdings,RSS,https://news.google.com/rss/articles/CBMixwFBVV95cUxOTlNXLUVtRm4xYm9NUXJZMkd6V0pYSWxYY0g1SHdGRmJrRDJXNjN5VFYyZS1OQkZxLVBjbko5MEJlN084MmR4REV4ZzZOeFU5bk4wVXV2YUtfcUxIV3otQWVJT0c1ZGlxM1dtN19zUE9CUTlNelBDVkhsbjY0Y1BjVGNmaV9XVDJuSksxRHo3N003d3Y1SEZZV05nc3haODF4eUlpX0tjVFdiMVkxZ1NqQU9DZzdiUkljYWx0QlIzcE41THVRb21z?oc=5
2026-02-08 18:36:47,ADBE,Adobe stock (ADBE) slips into the weekend — what traders watch before Monday - TechStock²,-0.4,0.4,Stock Performance,RSS,https://news.google.com/rss/articles/CBMimAFBVV95cUxNMnBVUXVLdUQ3VU9LdU1sdHZ3UWowWTBZc2p2blFVS2R6VUZxMWg5YkNqVXg0VUM2QXpTZTlpSEdoNEVNVUJuYkUtVGM4YkhPaVNvbDZzdHBwdnFTaVZZNW9hSmVmZm1sNzdNUVR4TXNIYURBX1UzTnpTcTNzVXBlcENPakhSOEkyLUxRQmR0V0M1Wk5OdS12bA?oc=5
2026-02-08 18:36:45,AFL,"Envestnet Asset Management Inc. Sells 218,503 Shares of Aflac Incorporated $AFL - MarketBeat",-0.6,0.6,Institutional Holdings,RSS,https://news.google.com/rss/articles/CBMi0wFBVV95cUxPbEJWMG50Tk9lcnVBc2RPMW5uY0F5UUxGQnhvYzdYY2N5UVV4UlJ0NGRCYWE3R3ZTV3VGenRjaVZVMnNFM1Vmdk8wUXBYd2M3d1A2TlljZmM1b3VJd1kyOF9ES09zS09NVmYxQ3pGb3AwUmpuSEdCQ0xkYUQwYWpLMlB5d05VSmtobHpCekZsQWJuV3FaaWcxblFLWUc1UVNuTXF2UklOZ3hYWjBlZGNTQjdhZHBydC01WVZ0U0U1YVE5YUctMy1VQUlRb2lRTWszSWRj?oc=5
2026-02-08 18:36:41,AIG,"Canada Post Corp Registered Pension Plan Has $1.62 Million Stock Position in American International Group, Inc. $AIG - MarketBeat",0.05,0.2,Institutional Holdings,RSS,https://news.google.com/rss/articles/CBMiggJBVV95cUxQcjdLYlJnUzlaZTRBUGVjV3hrWlpiQUhmUlk2NmU4RWFwblpoMHBBLW5pNkRmNGFyYzZNN3dCZUVOOVVWaGNmNmVGYU9lVmRGMEVmdHltOWJjRVF1RnVrNUlLRVh6WFgxT3d6al9WVUlYeHNKSk5qUzZiTnRiblVBNHJKMUptWVJOSGtwNGI4WTdMRUNBYkFIVE1LczVnUDFQMGV5WlIwZEtMSUhIX3ZhU3BueVhSQ2lYdk5QWlk4VWY2VmlhM1hBei1qYWJ1dzhWV3pIanJZREh0cXh2YmRDc0hFdkNHaU5iZm54NUVhQmdENVJTaEIzb1l1R1EzaHYxMWc?oc=5
2026-02-08 18:34:42,NVDA,NVIDIA Corporation $NVDA Stake Lifted by Allstate Corp - MarketBeat,0.7,0.8,Institutional Ownership,RSS,https://news.google.com/rss/articles/CBMitAFBVV95cUxNVG5ZLW5raWx3TTlMMy16N3dlek1Ram0tUm1qbXVvTzFUMFVTdTc5NkdEVjN3TUx0NnRONjNoOVJPSWtCOU5hcjlkR3B6UEtpRUxCSUxiYl9teUFxS2lGX3c0LU8xVHA4V1VxVFRQeWQ5eEloaVhweGZIWVVKLWRtX0FNa0xaTVdjRElWaFBqbXo2OWdnbTljeU84TVpxT1hzS3BFSjNTMXlrX2NTUXFkczAxeWM?oc=5
2026-02-08 18:34:42,NVDA,"Nvidia’s (NVDA) Long-Term AI Trajectory Remains Intact, Wolfe Says - Yahoo Finance",0.8,0.9,Analyst Rating,RSS,https://news.google.com/rss/articles/CBMiekFVX3lxTE5rdUYtQVNXZUlVYjlvMW9LQnoydFhRQ2FzSGxleW5VSXRSNFJ4cllEa2NCN3ZUNDZaNkY0dERWWFpadF95YW9URElFaE5HaW9fS29MYUJpT1dJSldOWW1LVEdEQV8zQkRWNmdnMGVxdXNSNG1mMkNIS0x3?oc=5
2026-02-08 18:34:42,NVDA,What Does the Street Think About NVIDIA Corporation (NVDA)? - Yahoo! Finance Canada,0.0,0.3,General News,RSS,https://news.google.com/rss/articles/CBMijgFBVV95cUxQWkh2cTcxcHlWajhXU2N2NU1PRWt0WlUxYjNhR0JEaUZndTkzbDNWSW4tZndlRVZ1cW9qWEhteFBnbWpoOXltelRxZ3FEbHYwS0Y5emZEbEJPWFdQTlYyNmd4c3hGZ0xvRm5kaWZpSV9aMFM5Tm5CNmdFbV82U1VmMTRUTzFyMXduNzk2OFFR?oc=5
2026-02-08 18:34:42,NVDA,What does the street think about NVIDIA Corporation (NVDA)? - MSN,0.0,0.3,General News,RSS,https://news.google.com/rss/articles/CBMizwFBVV95cUxNTG81NEtxZmVqemhVNlJjZzdabXVqdTJGekV5ZHBkR1piUkRYT0N0RjJrTGs3ZzREd1A4LURDa2tBQ0NXVlBzR2s0bVo3Q3Zjc0dZMFV6Ri1ZSkpld1g4TG5EdEZCMUFuNjdLXzRoem9zRThLeXQwUmpxNi1KazZZdlF6dTl2NkJPZWZtN19EVnFWQTRJc1lIYmt6dUgtV3pXSlIzb1BjRXJqa1ZFQTRjcFROUkYxbUdFNW9zM2dtdmtJaTc5X2J6RzRhSG1wQkE?oc=5
2026-02-08 18:34:42,NVDA,"JCIC Asset Management Inc. Acquires Shares of 89,251 NVIDIA Corporation $NVDA - MarketBeat",0.6,0.7,Institutional Ownership,RSS,https://news.google.com/rss/articles/CBMi0AFBVV95cUxPeEo1dGI0cVFfRTBYS2p4N29VcjR1WnN6dDlYQTlDUDBRRXJfX0ZlNGpNb1hhN1BNT283X01lZkRmdk9rLVhWZWlVUVhFbjRpRHJYWEVOWjdSTjJaaEJtZDA3RW1MUFl2d1gydE5TMGxGQVBRQmh4MXZlbWRYa2pxcEsxcDB2d1FweElVQ1lRQXpJVlE3S3c3VDNqYkFhZDZmWlFtellXWDJjQjNKWWp2R3dZZlRQOUJDOEFZV201eDdJdzJXeHN4NXgxdEtPZkl4?oc=5
